Key,Item Type,Publication Year,Author,1,Title,Fonte,TipoDoLink,TrataSobreGUI,Publication Title,AssuntoGUI,ISBN,ISSN,DOI,Url,Abstract Note,Date,Date Added,Date Modified,Access Date,Pages,Num Pages,Issue,Volume,Number Of Volumes,Journal Abbreviation,Short Title,Series,Series Number,Series Text,Series Title,Publisher,Place,Language,Rights,Type,Archive,Archive Location,Library Catalog,Call Number,Extra,Notes,File Attachments,Link Attachments,Manual Tags,Automatic Tags,Editor,Series Editor,Translator,Contributor,Attorney Agent,Book Author,Cast Member,Commenter,Composer,Cosponsor,Counsel,Interviewer,Producer,Recipient,Reviewed Author,Scriptwriter,Words By,Guest,Number,Edition,Running Time,Scale,Medium,Artwork Size,Filing Date,Application Number,Assignee,Issuing Authority,Country,Meeting Name,Conference Name,Court,References,Reporter,Legal Status,Priority Numbers,Programming Language,Version,System,Code,Code Number,Section,Session,Committee,History,Legislative Body
S67VGQHQ,book,2012,"Pfaff, Günther E.",2,"User Interface Management Systems: Proceedings of the Workshop on User Interface Management Systems held in Seeheim, FRG, November 1–3, 1983",GoogleSchollar,Periodico,,,,,,,https://books.google.com.br/books?hl=pt-BR&lr=&id=RN-pCAAAQBAJ&oi=fnd&pg=PA3&dq=graphical+user+interface+configuration&ots=9fGVfh6O0n&sig=aQoqIUdkAEHbirtvYVuZhp0slDc,,2012,2016-09-06 20:56:43,2016-09-06 20:56:43,2016-09-06 20:56:43,,,,,,,User Interface Management Systems,,,,,Springer Science & Business Media,,,,,,,Google Scholar,,,,/home/wagner/.mozilla/firefox/owkxzo1u.default/zotero/storage/KR3IH434/books.html,,,,,,,,,,,,,,,,,,,,,,,,,,,,,,,,,,,,,,,,,,,,,,,,,
W8VZMK2S,journalArticle,2012,"Silvestro, Daniele; Michalak, Ingo",3,raxmlGUI: a graphical front-end for RAxML,,,,Organisms Diversity & Evolution,,,,,http://link.springer.com/article/10.1007/s13127-011-0056-0,,2012,2016-09-06 20:56:43,2016-09-06 20:56:43,2016-09-06 20:56:43,335–337,,4,12,,,raxmlGUI,,,,,,,,,,,,Google Scholar,,,,/home/wagner/.mozilla/firefox/owkxzo1u.default/zotero/storage/SBPVM8U8/Silvestro e Michalak - 2012 - raxmlGUI a graphical front-end for RAxML.pdf; /home/wagner/.mozilla/firefox/owkxzo1u.default/zotero/storage/E23RFDTJ/s13127-011-0056-0.html,,,,,,,,,,,,,,,,,,,,,,,,,,,,,,,,,,,,,,,,,,,,,,,,,
2D3JA94J,journalArticle,2013,"Ghahremani, Esmaeil; Kamwa, Innocent",4,Optimal placement of multiple-type FACTS devices to maximize power system loadability using a generic graphical user interface,,,,IEEE Transactions on Power Systems,,,,,http://ieeexplore.ieee.org/xpls/abs_all.jsp?arnumber=6269908,,2013,2016-09-06 20:56:43,2016-09-06 20:56:43,2016-09-06 20:56:43,764–778,,2,28,,,,,,,,,,,,,,,Google Scholar,,,,/home/wagner/.mozilla/firefox/owkxzo1u.default/zotero/storage/PK5NCJQ8/Ghahremani e Kamwa - 2013 - Optimal placement of multiple-type FACTS devices t.pdf; /home/wagner/.mozilla/firefox/owkxzo1u.default/zotero/storage/2KGIHDXJ/6269908.html,,,,,,,,,,,,,,,,,,,,,,,,,,,,,,,,,,,,,,,,,,,,,,,,,
ZS7E2ZJU,journalArticle,2012,"Drummond, Alexei J.; Suchard, Marc A.; Xie, Dong; Rambaut, Andrew",5,Bayesian phylogenetics with BEAUti and the BEAST 1.7,,,,Molecular biology and evolution,,,,,http://mbe.oxfordjournals.org/content/29/8/1969.short,,2012,2016-09-06 20:56:43,2016-09-06 20:56:43,2016-09-06 20:56:43,1969–1973,,8,29,,,,,,,,,,,,,,,Google Scholar,,,,/home/wagner/.mozilla/firefox/owkxzo1u.default/zotero/storage/AVCSCJ4F/1969.html; /home/wagner/.mozilla/firefox/owkxzo1u.default/zotero/storage/SG54SHII/1969.html,,,,,,,,,,,,,,,,,,,,,,,,,,,,,,,,,,,,,,,,,,,,,,,,,
VUQ9BU9J,journalArticle,2012,"Krug, Michael; Weiss, Manfred S.; Heinemann, Udo; Mueller, Uwe",6,XDSAPP: a graphical user interface for the convenient processing of diffraction data using XDS,,,,Journal of Applied Crystallography,,,,,http://scripts.iucr.org/cgi-bin/paper?kk5103,,2012,2016-09-06 20:56:43,2016-09-06 20:56:43,2016-09-06 20:56:43,568–572,,3,45,,,XDSAPP,,,,,,,,,,,,Google Scholar,,,,/home/wagner/.mozilla/firefox/owkxzo1u.default/zotero/storage/IZXKK7FW/paper.html,,,,,,,,,,,,,,,,,,,,,,,,,,,,,,,,,,,,,,,,,,,,,,,,,
57XHZ8GF,journalArticle,2013,"Keshet, Aviv; Ketterle, Wolfgang",7,"A distributed, graphical user interface based, computer control system for atomic physics experiments",,,,Review of Scientific Instruments,,,,,http://scitation.aip.org/content/aip/journal/rsi/84/1/10.1063/1.4773536,,2013,2016-09-06 20:56:43,2016-09-06 20:56:43,2016-09-06 20:56:43,15105,,1,84,,,,,,,,,,,,,,,Google Scholar,,,,"/home/wagner/.mozilla/firefox/owkxzo1u.default/zotero/storage/6AHNBZ53/Keshet e Ketterle - 2013 - A distributed, graphical user interface based, com.pdf; /home/wagner/.mozilla/firefox/owkxzo1u.default/zotero/storage/3EQQC8HA/1.html",,,,,,,,,,,,,,,,,,,,,,,,,,,,,,,,,,,,,,,,,,,,,,,,,
C9XMMU6S,journalArticle,2013,"Chen, Chen-Yuan; Shih, Bih-Yaw; Shih, Chia-Hung; Wang, Li-Hui",8,RETRACTED: Human–machine interface for the motion control of humanoid biped robots using a graphical user interface Motion Editor,,,,Journal of Vibration and Control,,,,,http://jvc.sagepub.com/content/19/6/814.short,,2013,2016-09-06 20:56:43,2016-09-06 20:56:43,2016-09-06 20:56:43,814–820,,6,19,,,RETRACTED,,,,,,,,,,,,Google Scholar,,,,/home/wagner/.mozilla/firefox/owkxzo1u.default/zotero/storage/RJSKFT7T/814.html,,,,,,,,,,,,,,,,,,,,,,,,,,,,,,,,,,,,,,,,,,,,,,,,,
9DJK6BC9,journalArticle,2015,"Licari, Daniele; Baiardi, Alberto; Biczysko, Malgorzata; Egidi, Franco; Latouche, Camille; Barone, Vincenzo",9,Implementation of a graphical user interface for the virtual multifrequency spectrometer: The VMS-Draw tool,,,,Journal of computational chemistry,,,,,http://onlinelibrary.wiley.com/doi/10.1002/jcc.23785/full,,2015,2016-09-06 20:56:43,2016-09-06 20:56:43,2016-09-06 20:56:43,321–334,,5,36,,,Implementation of a graphical user interface for the virtual multifrequency spectrometer,,,,,,,,,,,,Google Scholar,,,,/home/wagner/.mozilla/firefox/owkxzo1u.default/zotero/storage/QG2TISS9/full.html,,,,,,,,,,,,,,,,,,,,,,,,,,,,,,,,,,,,,,,,,,,,,,,,,
3G7CQBMQ,journalArticle,2013,"Suma, Evan A.; Krum, David M.; Lange, Belinda; Koenig, Sebastian; Rizzo, Albert; Bolas, Mark",10,Adapting user interfaces for gestural interaction with the flexible action and articulated skeleton toolkit,,,,Computers & Graphics,,,,,http://www.sciencedirect.com/science/article/pii/S0097849312001756,,2013,2016-09-06 20:56:43,2016-09-06 20:56:43,2016-09-06 20:56:43,193–201,,3,37,,,,,,,,,,,,,,,Google Scholar,,,,/home/wagner/.mozilla/firefox/owkxzo1u.default/zotero/storage/HN5AU62Q/Suma et al. - 2013 - Adapting user interfaces for gestural interaction .pdf; /home/wagner/.mozilla/firefox/owkxzo1u.default/zotero/storage/GWGTC524/S0097849312001756.html,,,,,,,,,,,,,,,,,,,,,,,,,,,,,,,,,,,,,,,,,,,,,,,,,
E6DBD2R8,conferencePaper,2016,"Tanci, Claudio; Tosti, Gino; Antolini, Elisa; Gambini, Giorgio F.; Bruno, Pietro; Canestrari, Rodolfo; Conforti, Vito; Lombardi, Saverio; Russo, Federico; Sangiorgi, Pierluca; others",11,Software design and code generation for the engineering graphical user interface of the ASTRI SST-2M prototype for the Cherenkov Telescope Array,,,,SPIE Astronomical Telescopes+ Instrumentation,,,,,http://proceedings.spiedigitallibrary.org/proceeding.aspx?articleid=2544460,,2016,2016-09-06 20:56:43,2016-09-06 20:56:43,2016-09-06 20:56:43,99133X–99133X,,,,,,,,,,,International Society for Optics and Photonics,,,,,,,Google Scholar,,,,/home/wagner/.mozilla/firefox/owkxzo1u.default/zotero/storage/R89M8WN4/proceeding.html,,,,,,,,,,,,,,,,,,,,,,,,,,,,,,,,,,,,,,,,,,,,,,,,,
IH2RTEKR,journalArticle,2012,"Lohse, Marc; Bolger, Anthony; Nagel, Axel; Fernie, Alisdair R.; Lunn, John E.; Stitt, Mark; Usadel, Björn",12,"RobiNA: a user-friendly, integrated software solution for RNA-Seq-based transcriptomics",,,,Nucleic acids research,,,,,http://nar.oxfordjournals.org/content/early/2012/06/08/nar.gks540.short,,2012,2016-09-06 20:56:43,2016-09-06 20:56:43,2016-09-06 20:56:43,gks540,,,,,,RobiNA,,,,,,,,,,,,Google Scholar,,,,/home/wagner/.mozilla/firefox/owkxzo1u.default/zotero/storage/W58CGWEA/nar.gks540.html; /home/wagner/.mozilla/firefox/owkxzo1u.default/zotero/storage/FQ9S9C79/nar.gks540.html,,,,,,,,,,,,,,,,,,,,,,,,,,,,,,,,,,,,,,,,,,,,,,,,,
UMQTRXP9,journalArticle,2013,"Childs, Hank",13,VisIt: An end-user tool for visualizing and analyzing very large data,,,,,,,,,http://escholarship.org/uc/item/69r5m58v.pdf,,2013,2016-09-06 20:56:43,2016-09-06 20:56:43,2016-09-06 20:56:43,,,,,,,VisIt,,,,,,,,,,,,Google Scholar,,,,,,,,,,,,,,,,,,,,,,,,,,,,,,,,,,,,,,,,,,,,,,,,,,,,,
9WNSAE55,journalArticle,2014,"Robert, Xavier; Gouet, Patrice",14,Deciphering key features in protein structures with the new ENDscript server,,,,Nucleic acids research,,,,,http://nar.oxfordjournals.org/content/42/W1/W320.short,,2014,2016-09-06 20:56:43,2016-09-06 20:56:43,2016-09-06 20:56:43,W320–W324,,W1,42,,,,,,,,,,,,,,,Google Scholar,,,,/home/wagner/.mozilla/firefox/owkxzo1u.default/zotero/storage/4MXS7UW3/W320.html; /home/wagner/.mozilla/firefox/owkxzo1u.default/zotero/storage/WS9DRX76/W320.html,,,,,,,,,,,,,,,,,,,,,,,,,,,,,,,,,,,,,,,,,,,,,,,,,
9V7JBGTC,journalArticle,2012,"Hanwell, Marcus D.; Curtis, Donald E.; Lonie, David C.; Vandermeersch, Tim; Zurek, Eva; Hutchison, Geoffrey R.",15,"Avogadro: an advanced semantic chemical editor, visualization, and analysis platform",,,,Journal of cheminformatics,,,,,https://jcheminf.springeropen.com/articles/10.1186/1758-2946-4-17,,2012,2016-09-06 20:56:43,2016-09-06 20:56:43,2016-09-06 20:56:43,1,,1,4,,,Avogadro,,,,,,,,,,,,Google Scholar,,,,/home/wagner/.mozilla/firefox/owkxzo1u.default/zotero/storage/NGCZ6MZA/1758-2946-4-17.html,,,,,,,,,,,,,,,,,,,,,,,,,,,,,,,,,,,,,,,,,,,,,,,,,
4EU9HJBI,conferencePaper,2013,"Lee, Kyungmin; Flinn, Jason; Giuli, Thomas J.; Noble, Brian; Peplin, Christopher",16,AMC: verifying user interface properties for vehicular applications,,,,"Proceeding of the 11th annual international conference on Mobile systems, applications, and services",,,,,http://dl.acm.org/citation.cfm?id=2464459,,2013,2016-09-06 20:56:43,2016-09-06 20:56:43,2016-09-06 20:56:43,1–12,,,,,,AMC,,,,,ACM,,,,,,,Google Scholar,,,,/home/wagner/.mozilla/firefox/owkxzo1u.default/zotero/storage/C36MGGKC/Lee et al. - 2013 - AMC verifying user interface properties for vehic.pdf; /home/wagner/.mozilla/firefox/owkxzo1u.default/zotero/storage/557CFPDK/citation.html,,,,,,,,,,,,,,,,,,,,,,,,,,,,,,,,,,,,,,,,,,,,,,,,,
3C9CK9WV,journalArticle,2012,"Rödiger, Stefan; Friedrichsmeier, Thomas; Kapat, Prasenjit; Michalke, Meik",17,RKWard: a comprehensive graphical user interface and integrated development environment for statistical analysis with R,,,,Journal of Statistical Software,,,,,https://www.researchgate.net/profile/Stefan_Roediger/publication/234072605_RKWard_A_Comprehensive_Graphical_User_Interface_and_Integrated_Development_Environment_for_Statistical_Analysis_with_R/links/0912f50f5987f702c5000000.pdf,,2012,2016-09-06 20:56:43,2016-09-06 20:56:43,2016-09-06 20:56:43,1–34,,9,49,,,RKWard,,,,,,,,,,,,Google Scholar,,,,/home/wagner/.mozilla/firefox/owkxzo1u.default/zotero/storage/PDNZ9Q9E/Rödiger et al. - 2012 - RKWard a comprehensive graphical user interface a.pdf,,,,,,,,,,,,,,,,,,,,,,,,,,,,,,,,,,,,,,,,,,,,,,,,,
4BS3ACN5,conferencePaper,2013,"Lee, Jinha; Olwal, Alex; Ishii, Hiroshi; Boulanger, Cati",18,SpaceTop: integrating 2D and spatial 3D interactions in a see-through desktop environment,,,,Proceedings of the SIGCHI Conference on Human Factors in Computing Systems,,,,,http://dl.acm.org/citation.cfm?id=2470680,,2013,2016-09-06 20:56:43,2016-09-06 20:56:43,2016-09-06 20:56:43,189–192,,,,,,SpaceTop,,,,,ACM,,,,,,,Google Scholar,,,,/home/wagner/.mozilla/firefox/owkxzo1u.default/zotero/storage/U87FMRA7/Lee et al. - 2013 - SpaceTop integrating 2D and spatial 3D interactio.pdf; /home/wagner/.mozilla/firefox/owkxzo1u.default/zotero/storage/PHR7RMGH/citation.html,,,,,,,,,,,,,,,,,,,,,,,,,,,,,,,,,,,,,,,,,,,,,,,,,
2E4DGPPG,conferencePaper,2013,"Heun, Valentin; Kasahara, Shunichi; Maes, Pattie",19,Smarter objects: using AR technology to program physical objects and their interactions,,,,CHI'13 Extended Abstracts on Human Factors in Computing Systems,,,,,http://dl.acm.org/citation.cfm?id=2468528,,2013,2016-09-06 20:56:43,2016-09-06 20:56:43,2016-09-06 20:56:43,961–966,,,,,,Smarter objects,,,,,ACM,,,,,,,Google Scholar,,,,/home/wagner/.mozilla/firefox/owkxzo1u.default/zotero/storage/UWJXW459/citation.html,,,,,,,,,,,,,,,,,,,,,,,,,,,,,,,,,,,,,,,,,,,,,,,,,
EGTSQHW8,journalArticle,2014,"Tarvainen, Mika P.; Niskanen, Juha-Pekka; Lipponen, Jukka A.; Ranta-Aho, Perttu O.; Karjalainen, Pasi A.",20,Kubios HRV–heart rate variability analysis software,,,,Computer methods and programs in biomedicine,,,,,http://www.sciencedirect.com/science/article/pii/S0169260713002599,,2014,2016-09-06 20:56:43,2016-09-06 20:56:43,2016-09-06 20:56:43,210–220,,1,113,,,,,,,,,,,,,,,Google Scholar,,,,/home/wagner/.mozilla/firefox/owkxzo1u.default/zotero/storage/AUUGDRXU/S0169260713002599.html,,,,,,,,,,,,,,,,,,,,,,,,,,,,,,,,,,,,,,,,,,,,,,,,,
J4Z8NFSK,journalArticle,2012,"Echols, Nathaniel; Grosse-Kunstleve, Ralf W.; Afonine, Pavel V.; Bunkóczi, Gábor; Chen, Vincent B.; Headd, Jeffrey J.; McCoy, Airlie J.; Moriarty, Nigel W.; Read, Randy J.; Richardson, David C.; others",21,Graphical tools for macromolecular crystallography in PHENIX,,,,Journal of applied crystallography,,,,,http://scripts.iucr.org/cgi-bin/paper?kk5108,,2012,2016-09-06 20:56:43,2016-09-06 20:56:43,2016-09-06 20:56:43,581–586,,3,45,,,,,,,,,,,,,,,Google Scholar,,,,/home/wagner/.mozilla/firefox/owkxzo1u.default/zotero/storage/5BURR8T8/paper.html,,,,,,,,,,,,,,,,,,,,,,,,,,,,,,,,,,,,,,,,,,,,,,,,,
MC9WPUNJ,conferencePaper,2013,"Baciková, Michaela; Porubän, Jaroslav; Lakatos, Dominik",22,Defining domain language of graphical user interfaces,,,,OASIcs-OpenAccess Series in Informatics,,,,,http://drops.dagstuhl.de/opus/volltexte/2013/4038/,,2013,2016-09-06 20:57:58,2016-09-06 20:57:58,2016-09-06 20:57:58,,,,29,,,,,,,,Schloss Dagstuhl-Leibniz-Zentrum fuer Informatik,,,,,,,Google Scholar,,,,/home/wagner/.mozilla/firefox/owkxzo1u.default/zotero/storage/9IGHE6Z8/Baciková et al. - 2013 - Defining domain language of graphical user interfa.pdf; /home/wagner/.mozilla/firefox/owkxzo1u.default/zotero/storage/4CMDJZVS/4038.html,,,,,,,,,,,,,,,,,,,,,,,,,,,,,,,,,,,,,,,,,,,,,,,,,
FBQMXHQ6,journalArticle,2012,"Mathôt, Sebastiaan; Schreij, Daniel; Theeuwes, Jan",23,"OpenSesame: An open-source, graphical experiment builder for the social sciences",,,,Behavior research methods,,,,,http://link.springer.com/article/10.3758/s13428-011-0168-7,,2012,2016-09-06 20:57:58,2016-09-06 20:57:58,2016-09-06 20:57:58,314–324,,2,44,,,OpenSesame,,,,,,,,,,,,Google Scholar,,,,/home/wagner/.mozilla/firefox/owkxzo1u.default/zotero/storage/DDD2MJEQ/fulltext.html; /home/wagner/.mozilla/firefox/owkxzo1u.default/zotero/storage/DFI25MUG/s13428-011-0168-7.html,,,,,,,,,,,,,,,,,,,,,,,,,,,,,,,,,,,,,,,,,,,,,,,,,
BJXQ5WZH,conferencePaper,2012,"Olaverri-Monreal, Cristina; Gomes, Pedro; Silvéria, Michelle Krüger; Ferreira, Michel",24,In-vehicle virtual traffic lights: a graphical user interface,,,,"Information Systems and Technologies (CISTI), 2012 7th Iberian Conference on",,,,,http://ieeexplore.ieee.org/xpls/abs_all.jsp?arnumber=6263090,,2012,2016-09-06 20:57:58,2016-09-06 20:57:58,2016-09-06 20:57:58,1–6,,,,,,In-vehicle virtual traffic lights,,,,,IEEE,,,,,,,Google Scholar,,,,/home/wagner/.mozilla/firefox/owkxzo1u.default/zotero/storage/4HFSJN5A/6263090.html,,,,,,,,,,,,,,,,,,,,,,,,,,,,,,,,,,,,,,,,,,,,,,,,,
3NTAJ5MG,conferencePaper,2012,"Voellmy, Andreas; Kim, Hyojoon; Feamster, Nick",25,Procera: a language for high-level reactive network control,,,,Proceedings of the first workshop on Hot topics in software defined networks,,,,,http://dl.acm.org/citation.cfm?id=2342451,,2012,2016-09-06 20:57:58,2016-09-06 20:57:58,2016-09-06 20:57:58,43–48,,,,,,Procera,,,,,ACM,,,,,,,Google Scholar,,,,/home/wagner/.mozilla/firefox/owkxzo1u.default/zotero/storage/XG5V7N3H/citation.html,,,,,,,,,,,,,,,,,,,,,,,,,,,,,,,,,,,,,,,,,,,,,,,,,
IEBTPTRE,conferencePaper,2016,"Patterson, Dale",26,"3D spirals, bubbles and sliders: setting range values in multi-user 3D environments",,,,Proceedings of the Australasian Computer Science Week Multiconference,,,,,http://dl.acm.org/citation.cfm?id=2843364,,2016,2016-09-06 20:57:58,2016-09-06 20:57:58,2016-09-06 20:57:58,49,,,,,,"3D spirals, bubbles and sliders",,,,,ACM,,,,,,,Google Scholar,,,,/home/wagner/.mozilla/firefox/owkxzo1u.default/zotero/storage/H6NN3NGB/citation.html,,,,,,,,,,,,,,,,,,,,,,,,,,,,,,,,,,,,,,,,,,,,,,,,,
STB7AGX8,conferencePaper,2013,"Leithinger, Daniel; Follmer, Sean; Olwal, Alex; Luescher, Samuel; Hogge, Akimitsu; Lee, Jinha; Ishii, Hiroshi",27,Sublimate: state-changing virtual and physical rendering to augment interaction with shape displays,,,,Proceedings of the SIGCHI conference on human factors in computing systems,,,,,http://dl.acm.org/citation.cfm?id=2466191,,2013,2016-09-06 20:57:58,2016-09-06 20:57:58,2016-09-06 20:57:58,1441–1450,,,,,,Sublimate,,,,,ACM,,,,,,,Google Scholar,,,,/home/wagner/.mozilla/firefox/owkxzo1u.default/zotero/storage/UPD7DAJI/Leithinger et al. - 2013 - Sublimate state-changing virtual and physical ren.pdf; /home/wagner/.mozilla/firefox/owkxzo1u.default/zotero/storage/23PNKWPC/citation.html,,,,,,,,,,,,,,,,,,,,,,,,,,,,,,,,,,,,,,,,,,,,,,,,,
W87M2SNR,journalArticle,2013,"Wang, Shaowen; Anselin, Luc; Bhaduri, Budhendra; Crosby, Christopher; Goodchild, Michael F.; Liu, Yan; Nyerges, Timothy L.",28,CyberGIS software: a synthetic review and integration roadmap,,,,International Journal of Geographical Information Science,,,,,http://www.tandfonline.com/doi/abs/10.1080/13658816.2013.776049,,2013,2016-09-06 20:57:58,2016-09-06 20:57:58,2016-09-06 20:57:58,2122–2145,,11,27,,,CyberGIS software,,,,,,,,,,,,Google Scholar,,,,/home/wagner/.mozilla/firefox/owkxzo1u.default/zotero/storage/ZKBBI2W7/13658816.2013.html,,,,,,,,,,,,,,,,,,,,,,,,,,,,,,,,,,,,,,,,,,,,,,,,,
CEZEGCAG,journalArticle,2012,"Sucan, Ioan A.; Moll, Mark; Kavraki, Lydia E.",29,The open motion planning library,,,,IEEE Robotics & Automation Magazine,,,,,http://ieeexplore.ieee.org/xpls/abs_all.jsp?arnumber=6377468,,2012,2016-09-06 20:57:58,2016-09-06 20:57:58,2016-09-06 20:57:58,72–82,,4,19,,,,,,,,,,,,,,,Google Scholar,,,,/home/wagner/.mozilla/firefox/owkxzo1u.default/zotero/storage/G44EUVGW/6377468.html,,,,,,,,,,,,,,,,,,,,,,,,,,,,,,,,,,,,,,,,,,,,,,,,,
DTGE7NX4,journalArticle,2013,"Rink, Karsten; Fischer, Thomas; Selle, Benny; Kolditz, Olaf",30,A data exploration framework for validation and setup of hydrological models,,,,Environmental earth sciences,,,,,http://link.springer.com/article/10.1007/s12665-012-2030-3,,2013,2016-09-06 20:57:58,2016-09-06 20:57:58,2016-09-06 20:57:58,469–477,,2,69,,,,,,,,,,,,,,,Google Scholar,,,,/home/wagner/.mozilla/firefox/owkxzo1u.default/zotero/storage/M4W3P65W/Rink et al. - 2013 - A data exploration framework for validation and se.pdf; /home/wagner/.mozilla/firefox/owkxzo1u.default/zotero/storage/ICHEN7GE/s12665-012-2030-3.html,,,,,,,,,,,,,,,,,,,,,,,,,,,,,,,,,,,,,,,,,,,,,,,,,
58FXVK8V,journalArticle,2013,"Piyare, Rajeev",31,Internet of things: Ubiquitous home control and monitoring system using Android based smart phone,,,,International Journal of Internet of Things,,,,,http://article.sapub.org/10.5923.j.ijit.20130201.02.html,,2013,2016-09-06 20:57:58,2016-09-06 20:57:58,2016-09-06 20:57:58,5–11,,1,2,,,Internet of things,,,,,,,,,,,,Google Scholar,,,,/home/wagner/.mozilla/firefox/owkxzo1u.default/zotero/storage/TPTE6MX4/10.5923.j.ijit.20130201.02.html,,,,,,,,,,,,,,,,,,,,,,,,,,,,,,,,,,,,,,,,,,,,,,,,,
6X3SHK9W,book,2012,"Teolis, Anthony",32,Computational signal processing with wavelets,,,,,,,,,https://books.google.com.br/books?hl=pt-BR&lr=&id=SMngBwAAQBAJ&oi=fnd&pg=PR17&dq=graphical+user+interface+configuration&ots=2EmMJNyfp0&sig=PnGPq_imVWp6TPnSPs7O-YqmWgA,,2012,2016-09-06 20:57:58,2016-09-06 20:57:58,2016-09-06 20:57:58,,,,,,,,,,,,Springer Science & Business Media,,,,,,,Google Scholar,,,,/home/wagner/.mozilla/firefox/owkxzo1u.default/zotero/storage/N9CTMGUA/books.html,,,,,,,,,,,,,,,,,,,,,,,,,,,,,,,,,,,,,,,,,,,,,,,,,
4WJG2RK4,conferencePaper,2012,"Amalfitano, Domenico; Fasolino, Anna Rita; Tramontana, Porfirio; De Carmine, Salvatore; Memon, Atif M.",33,Using GUI ripping for automated testing of Android applications,,,,Proceedings of the 27th IEEE/ACM International Conference on Automated Software Engineering,,,,,http://dl.acm.org/citation.cfm?id=2351717,,2012,2016-09-06 20:57:58,2016-09-06 20:57:58,2016-09-06 20:57:58,258–261,,,,,,,,,,,ACM,,,,,,,Google Scholar,,,,/home/wagner/.mozilla/firefox/owkxzo1u.default/zotero/storage/BTU5AM2A/Amalfitano et al. - 2012 - Using GUI ripping for automated testing of Android.pdf; /home/wagner/.mozilla/firefox/owkxzo1u.default/zotero/storage/7FDAIQGM/citation.html,,,,,,,,,,,,,,,,,,,,,,,,,,,,,,,,,,,,,,,,,,,,,,,,,
UXR3U9RK,conferencePaper,2013,"Komarov, Steven; Reinecke, Katharina; Gajos, Krzysztof Z.",34,Crowdsourcing performance evaluations of user interfaces,,,,Proceedings of the SIGCHI Conference on Human Factors in Computing Systems,,,,,http://dl.acm.org/citation.cfm?id=2470684,,2013,2016-09-06 20:57:58,2016-09-06 20:57:58,2016-09-06 20:57:58,207–216,,,,,,,,,,,ACM,,,,,,,Google Scholar,,,,/home/wagner/.mozilla/firefox/owkxzo1u.default/zotero/storage/4PEC8MXW/Komarov et al. - 2013 - Crowdsourcing performance evaluations of user inte.pdf; /home/wagner/.mozilla/firefox/owkxzo1u.default/zotero/storage/PGFCXQBD/citation.html,,,,,,,,,,,,,,,,,,,,,,,,,,,,,,,,,,,,,,,,,,,,,,,,,
VDXXE2NI,journalArticle,2014,"Edelstein, Arthur D.; Tsuchida, Mark A.; Amodaj, Nenad; Pinkard, Henry; Vale, Ronald D.; Stuurman, Nico",35,Advanced methods of microscope control using μManager software,,,,Journal of biological methods,,,,,http://www.ncbi.nlm.nih.gov/pmc/articles/PMC4297649/,,2014,2016-09-06 20:57:58,2016-09-06 20:57:58,2016-09-06 20:57:58,,,2,1,,,,,,,,,,,,,,,Google Scholar,,,,/home/wagner/.mozilla/firefox/owkxzo1u.default/zotero/storage/K84Z7DG5/PMC4297649.html,,,,,,,,,,,,,,,,,,,,,,,,,,,,,,,,,,,,,,,,,,,,,,,,,
7W2F4JWU,journalArticle,2014,"Kamdar, Maulik R.; Zeginis, Dimitris; Hasnain, Ali; Decker, Stefan; Deus, Helena F.",36,ReVeaLD: A user-driven domain-specific interactive search platform for biomedical research,,,,Journal of biomedical informatics,,,,,http://www.sciencedirect.com/science/article/pii/S1532046413001536,,2014,2016-09-06 20:57:58,2016-09-06 20:57:58,2016-09-06 20:57:58,112–130,,,47,,,ReVeaLD,,,,,,,,,,,,Google Scholar,,,,/home/wagner/.mozilla/firefox/owkxzo1u.default/zotero/storage/HRUAAF6G/S1532046413001536.html,,,,,,,,,,,,,,,,,,,,,,,,,,,,,,,,,,,,,,,,,,,,,,,,,
2AUDR92P,journalArticle,2015,"Camps, Peter; Baes, Maarten",37,SKIRT: An advanced dust radiative transfer code with a user-friendly architecture,,,,Astronomy and Computing,,,,,http://www.sciencedirect.com/science/article/pii/S2213133714000511,,2015,2016-09-06 20:57:58,2016-09-06 20:57:58,2016-09-06 20:57:58,20–33,,,9,,,SKIRT,,,,,,,,,,,,Google Scholar,,,,/home/wagner/.mozilla/firefox/owkxzo1u.default/zotero/storage/HZ7I8G68/Camps e Baes - 2015 - SKIRT An advanced dust radiative transfer code wi.pdf; /home/wagner/.mozilla/firefox/owkxzo1u.default/zotero/storage/8IDB74AI/S2213133714000511.html,,,,,,,,,,,,,,,,,,,,,,,,,,,,,,,,,,,,,,,,,,,,,,,,,
TVSR5ESJ,journalArticle,2014,"Colwell, Robert K.; Elsensohn, Johanna E.",38,"EstimateS turns 20: statistical estimation of species richness and shared species from samples, with non-parametric extrapolation",,,,Ecography,,,,,http://onlinelibrary.wiley.com/doi/10.1111/ecog.00814/full,,2014,2016-09-06 20:57:58,2016-09-06 20:57:58,2016-09-06 20:57:58,609–613,,6,37,,,EstimateS turns 20,,,,,,,,,,,,Google Scholar,,,,/home/wagner/.mozilla/firefox/owkxzo1u.default/zotero/storage/8E6ZMBNN/full.html,,,,,,,,,,,,,,,,,,,,,,,,,,,,,,,,,,,,,,,,,,,,,,,,,
WQ9UZKZ3,journalArticle,2013,"Lynch, Michael DJ; Masella, Andre P.; Hall, Michael W.; Bartram, Andrea K.; Neufeld, Josh D.",39,AXIOME: automated exploration of microbial diversity,,,,GigaScience,,,,,http://gigascience.biomedcentral.com/articles/10.1186/2047-217X-2-3,,2013,2016-09-06 20:57:58,2016-09-06 20:57:58,2016-09-06 20:57:58,1,,1,2,,,AXIOME,,,,,,,,,,,,Google Scholar,,,,/home/wagner/.mozilla/firefox/owkxzo1u.default/zotero/storage/3XHR9DAX/2047-217X-2-3.html,,,,,,,,,,,,,,,,,,,,,,,,,,,,,,,,,,,,,,,,,,,,,,,,,
QPNBU7TF,conferencePaper,2012,"Peissner, Matthias; Häbe, Dagmar; Janssen, Doris; Sellner, Thomas",40,MyUI: generating accessible user interfaces from multimodal design patterns,,,,Proceedings of the 4th ACM SIGCHI symposium on Engineering interactive computing systems,,,,,http://dl.acm.org/citation.cfm?id=2305500,,2012,2016-09-06 20:57:58,2016-09-06 20:57:58,2016-09-06 20:57:58,81–90,,,,,,MyUI,,,,,ACM,,,,,,,Google Scholar,,,,/home/wagner/.mozilla/firefox/owkxzo1u.default/zotero/storage/FZ8MAH5F/citation.html,,,,,,,,,,,,,,,,,,,,,,,,,,,,,,,,,,,,,,,,,,,,,,,,,
DQ5D269V,journalArticle,2013,"Sodhi, Rajinder; Poupyrev, Ivan; Glisson, Matthew; Israr, Ali",41,AIREAL: interactive tactile experiences in free air,,,,ACM Transactions on Graphics (TOG),,,,,http://dl.acm.org/citation.cfm?id=2462007,,2013,2016-09-06 20:57:58,2016-09-06 20:57:58,2016-09-06 20:57:58,134,,4,32,,,AIREAL,,,,,,,,,,,,Google Scholar,,,,/home/wagner/.mozilla/firefox/owkxzo1u.default/zotero/storage/IVGZTNV4/Sodhi et al. - 2013 - AIREAL interactive tactile experiences in free ai.pdf; /home/wagner/.mozilla/firefox/owkxzo1u.default/zotero/storage/A3BEE7PM/citation.html,,,,,,,,,,,,,,,,,,,,,,,,,,,,,,,,,,,,,,,,,,,,,,,,,
EZH8NAAW,conferencePaper,2016,"Sommer, Philipp",42,Psyplot: Visualizing rectangular and triangular Climate Model Data with Python,,,,EGU General Assembly Conference Abstracts,,,,,http://adsabs.harvard.edu/abs/2016EGUGA..1818185S,,2016,2016-09-06 21:00:54,2016-09-06 21:00:54,2016-09-06 21:00:54,18185,,,18,,,Psyplot,,,,,,,,,,,,Google Scholar,,,,/home/wagner/.mozilla/firefox/owkxzo1u.default/zotero/storage/29ZKJ3F2/2016EGUGA..html,,,,,,,,,,,,,,,,,,,,,,,,,,,,,,,,,,,,,,,,,,,,,,,,,
5EJAMMZR,journalArticle,2016,"Wiant, D.; Maurer, J.; Liu, H.; Hayes, T.; Shang, Q.; Sintay, B.",43,MO-FG-CAMPUS-TeP1-03: Pre-Treatment Surface Imaging Based Collision Detection,,,,Medical Physics,,,,,http://scitation.aip.org/content/aapm/journal/medphys/43/6/10.1118/1.4957345,,2016,2016-09-06 21:00:54,2016-09-06 21:00:54,2016-09-06 21:00:54,3718–3719,,6,43,,,MO-FG-CAMPUS-TeP1-03,,,,,,,,,,,,Google Scholar,,,,/home/wagner/.mozilla/firefox/owkxzo1u.default/zotero/storage/GPEPNFZ7/1.html,,,,,,,,,,,,,,,,,,,,,,,,,,,,,,,,,,,,,,,,,,,,,,,,,
3CZC57UF,conferencePaper,2016,"Huang, Shizhen; Cho, Hyun Jung",44,User-customized Graphical User Interface (GUI) tool for remotely sensed image processing for improved seafloor mapping,,,,SoutheastCon 2016,,,,,http://ieeexplore.ieee.org/xpls/abs_all.jsp?arnumber=7506661,,2016,2016-09-06 21:00:54,2016-09-06 21:00:54,2016-09-06 21:00:54,1–6,,,,,,,,,,,IEEE,,,,,,,Google Scholar,,,,/home/wagner/.mozilla/firefox/owkxzo1u.default/zotero/storage/9AXQ6GV7/Huang e Cho - 2016 - User-customized Graphical User Interface (GUI) too.pdf; /home/wagner/.mozilla/firefox/owkxzo1u.default/zotero/storage/E5UHQKVX/7506661.html,,,,,,,,,,,,,,,,,,,,,,,,,,,,,,,,,,,,,,,,,,,,,,,,,
BQ5BPTTF,journalArticle,,阿占文,45,地铁车辆段工艺设备辅助设计软件开发,,,,,,,,,http://d.wanfangdata.com.cn/periodical_tdbzsj201606030.aspx,,,2016-09-06 21:00:54,2016-09-06 21:00:54,2016-09-06 21:00:54,,,,,,,,,,,,,,,,,,,Google Scholar,,,,/home/wagner/.mozilla/firefox/owkxzo1u.default/zotero/storage/JPKEPVTP/tdbzsj201606030.html,,,,,,,,,,,,,,,,,,,,,,,,,,,,,,,,,,,,,,,,,,,,,,,,,
BHW22973,conferencePaper,2016,"Ansari, Junaid",46,Coexistence features of LTE-U for spectrum sharing with collocated Wi-Fi: demo,,,,Proceedings of the 17th ACM International Symposium on Mobile Ad Hoc Networking and Computing,,,,,http://dl.acm.org/citation.cfm?id=2942394,,2016,2016-09-06 21:00:54,2016-09-06 21:00:54,2016-09-06 21:00:54,351–352,,,,,,Coexistence features of LTE-U for spectrum sharing with collocated Wi-Fi,,,,,ACM,,,,,,,Google Scholar,,,,/home/wagner/.mozilla/firefox/owkxzo1u.default/zotero/storage/NVQSNP4B/citation.html,,,,,,,,,,,,,,,,,,,,,,,,,,,,,,,,,,,,,,,,,,,,,,,,,
ZITT6GHJ,conferencePaper,2016,"Abbas, Syed Haider; Lee, Jung-Ryul; Jang, Jae-Kyeong; Kim, Zaeill",47,FPGA-based multipoint shock wave measurement system using LDVs for aerospace applications,,,,2016 IEEE Aerospace Conference,,,,,http://ieeexplore.ieee.org/xpls/abs_all.jsp?arnumber=7500864,,2016,2016-09-06 21:00:54,2016-09-06 21:00:54,2016-09-06 21:00:54,1–6,,,,,,,,,,,IEEE,,,,,,,Google Scholar,,,,/home/wagner/.mozilla/firefox/owkxzo1u.default/zotero/storage/Z99536JZ/7500864.html,,,,,,,,,,,,,,,,,,,,,,,,,,,,,,,,,,,,,,,,,,,,,,,,,
9E88DMK3,journalArticle,2016,"Pratt, Aaron",48,Online MBPeT dashboard: enabling performance testing as a service in the cloud,,,,,,,,,http://www.doria.fi/handle/10024/124426,,2016,2016-09-06 21:00:54,2016-09-06 21:00:54,2016-09-06 21:00:54,,,,,,,Online MBPeT dashboard,,,,,,,,,,,,Google Scholar,,,,/home/wagner/.mozilla/firefox/owkxzo1u.default/zotero/storage/D6EKEHZ6/Pratt - 2016 - Online MBPeT dashboard enabling performance testi.pdf; /home/wagner/.mozilla/firefox/owkxzo1u.default/zotero/storage/RJ27Q75S/124426.html,,,,,,,,,,,,,,,,,,,,,,,,,,,,,,,,,,,,,,,,,,,,,,,,,
SINS45RP,thesis,2016,"Bala, Divya Chandrakant",49,Cell Phenotype Analyzer: Automated Techniques for Cell Phenotyping using Contactless Dielectrophoresis,,,,,,,,,https://vtechworks.lib.vt.edu/handle/10919/71428,,2016,2016-09-06 21:00:54,2016-09-06 21:00:54,2016-09-06 21:00:54,,,,,,,Cell Phenotype Analyzer,,,,,Virginia Tech,,,,,,,Google Scholar,,,,/home/wagner/.mozilla/firefox/owkxzo1u.default/zotero/storage/FRDBJ75Z/Bala - 2016 - Cell Phenotype Analyzer Automated Techniques for .pdf; /home/wagner/.mozilla/firefox/owkxzo1u.default/zotero/storage/PT88JU2W/71428.html,,,,,,,,,,,,,,,,,,,,,,,,,,,,,,,,,,,,,,,,,,,,,,,,,
NXRD9P7I,journalArticle,2015,"Jasani, Karan R.",50,"International Journal on Recent Researches In Science, Engineering & Technology",,,,,,,,,https://www.researchgate.net/profile/Karan_Jasani3/publication/295642933_Simulation_of_Leaky_Surface_Acoustic_Wave_Resonators_using_Coupling-of-Modes_Theory/links/56cc2ca208aee3cee5435dfc.pdf,,2015,2016-09-06 21:00:54,2016-09-06 21:00:54,2016-09-06 21:00:54,,,,,,,,,,,,,,,,,,,Google Scholar,,,,/home/wagner/.mozilla/firefox/owkxzo1u.default/zotero/storage/2AVNCK82/Jasani - 2015 - International Journal on Recent Researches In Scie.pdf,,,,,,,,,,,,,,,,,,,,,,,,,,,,,,,,,,,,,,,,,,,,,,,,,
DFNIFS7W,journalArticle,,"Scholar, P. G.; GCT, Coimbatore",51,MONITORING SMALL OFF-GRID WIND TURBINE INSTRUMENTATION SYSTEM USING MICROCONTROLLER AND LABVIEW,,,,,,,,,http://www.ejournal.aessangli.in/ASEEJournals/ELEC114.pdf,,,2016-09-06 21:00:54,2016-09-06 21:00:54,2016-09-06 21:00:54,,,,,,,,,,,,,,,,,,,Google Scholar,,,,/home/wagner/.mozilla/firefox/owkxzo1u.default/zotero/storage/SE8AI6BM/Scholar e GCT - MONITORING SMALL OFF-GRID WIND TURBINE INSTRUMENTA.pdf,,,,,,,,,,,,,,,,,,,,,,,,,,,,,,,,,,,,,,,,,,,,,,,,,
W4UWUCGN,thesis,2016,"Projeto, MAAT",52,Development of an open source software tool for propeller design in the MAAT project,,,,,,,,,http://ubibliorum.ubi.pt/handle/10400.6/4184,,2016,2016-09-06 21:00:54,2016-09-06 21:00:54,2016-09-06 21:00:54,,,,,,,,,,,,UNIVERSIDADE DA BEIRA INTERIOR,,,,,,,Google Scholar,,,,/home/wagner/.mozilla/firefox/owkxzo1u.default/zotero/storage/9ZUM8J3X/Projeto - 2016 - Development of an open source software tool for pr.pdf; /home/wagner/.mozilla/firefox/owkxzo1u.default/zotero/storage/CKC3DSPD/4184.html,,,,,,,,,,,,,,,,,,,,,,,,,,,,,,,,,,,,,,,,,,,,,,,,,
IMZK9MXN,journalArticle,2016,"Emara, F. A.; Abdelsalam, A. K.; Morsi, I. G.; Sharkas, M. A.",53,An enhanced photovoltaic arrays modelling under partial shading condition: generic graphical user interface based approach,,,,,,,,,http://digital-library.theiet.org/content/conferences/10.1049/cp.2016.0164,,2016,2016-09-06 21:00:54,2016-09-06 21:00:54,2016-09-06 21:00:54,,,,,,,An enhanced photovoltaic arrays modelling under partial shading condition,,,,,,,,,,,,Google Scholar,,,,/home/wagner/.mozilla/firefox/owkxzo1u.default/zotero/storage/T9DGJ4GV/cp.2016.html,,,,,,,,,,,,,,,,,,,,,,,,,,,,,,,,,,,,,,,,,,,,,,,,,
KSVVCPP3,thesis,2016,"Alqahtani, Abdulrahman Saad",54,Evaluation Methods for Knowledge Representation in Electronic Debate Platforms,,,,,,,,,http://gradworks.umi.com/10/10/10107755.html,,2016,2016-09-06 21:00:54,2016-09-06 21:00:54,2016-09-06 21:00:54,,,,,,,,,,,,FLORIDA INSTITUTE OF TECHNOLOGY,,,,,,,Google Scholar,,,,/home/wagner/.mozilla/firefox/owkxzo1u.default/zotero/storage/CCFCSDBA/10107755.html,,,,,,,,,,,,,,,,,,,,,,,,,,,,,,,,,,,,,,,,,,,,,,,,,
EBAE2UNS,journalArticle,2016,"Diez, David; Romero, Rosa; Tena, Sara",55,Designing a Human Supervisory Control System for Smart Grid,,,,IEEE Latin America Transactions,,,,,http://ieeexplore.ieee.org/xpls/abs_all.jsp?arnumber=7483532,,2016,2016-09-06 21:00:54,2016-09-06 21:00:54,2016-09-06 21:00:54,1899–1905,,4,14,,,,,,,,,,,,,,,Google Scholar,,,,/home/wagner/.mozilla/firefox/owkxzo1u.default/zotero/storage/6667DSDH/7483532.html,,,,,,,,,,,,,,,,,,,,,,,,,,,,,,,,,,,,,,,,,,,,,,,,,
FIER42KS,journalArticle,2016,"Binder, Kajsa; Amini, Masooma",56,Automated power test-Hardware testing of power consumption,,,,,,,,,http://lup.lub.lu.se/student-papers/record/8879122,,2016,2016-09-06 21:00:54,2016-09-06 21:00:54,2016-09-06 21:00:54,,,,,,,,,,,,,,,,,,,Google Scholar,,,,/home/wagner/.mozilla/firefox/owkxzo1u.default/zotero/storage/D9J6IURK/8879122.html,,,,,,,,,,,,,,,,,,,,,,,,,,,,,,,,,,,,,,,,,,,,,,,,,
PUCEGNCM,conferencePaper,2016,"Cabac, Lawrence; Haustermann, Michael; Mosteller, David",57,Renew 2.5–Towards a Comprehensive Integrated Development Environment for Petri Net-Based Applications,,,,International Conference on Applications and Theory of Petri Nets and Concurrency,,,,,http://link.springer.com/chapter/10.1007/978-3-319-39086-4_7,,2016,2016-09-06 21:00:54,2016-09-06 21:00:54,2016-09-06 21:00:54,101–112,,,,,,,,,,,Springer,,,,,,,Google Scholar,,,,/home/wagner/.mozilla/firefox/owkxzo1u.default/zotero/storage/99TAT3BQ/978-3-319-39086-4_7.html,,,,,,,,,,,,,,,,,,,,,,,,,,,,,,,,,,,,,,,,,,,,,,,,,
7F25XNT4,journalArticle,2016,"Lee, Wonsik; Cho, Seoungjae; Chu, Phuong; Vu, Hoang; Helal, Sumi; Song, Wei; Jeong, Young-Sik; Cho, Kyungeun",58,Automatic Agent Generation for IoT-based Smart House Simulator,,,,Neurocomputing,,,,,http://www.sciencedirect.com/science/article/pii/S092523121630580X,,2016,2016-09-06 21:00:54,2016-09-06 21:00:54,2016-09-06 21:00:54,,,,,,,,,,,,,,,,,,,Google Scholar,,,,/home/wagner/.mozilla/firefox/owkxzo1u.default/zotero/storage/2EUVIMVR/S092523121630580X.html,,,,,,,,,,,,,,,,,,,,,,,,,,,,,,,,,,,,,,,,,,,,,,,,,
MW486K5N,journalArticle,2016,"Petrova-Antonova, Dessislava; Ilieva, Sylvia; Manova, Denitsa",59,TASSA: A Testing as a Service Framework for Web Service Compositions,,,,,,,,,https://www.researchgate.net/profile/Dessislava_Petrova-Antonova/publication/301721937_TASSA_A_Testing_as_a_Service_Framework_for_Web_Service_Compositions/links/5746beca08ae9ace842443dd.pdf,,2016,2016-09-06 21:00:54,2016-09-06 21:00:54,2016-09-06 21:00:54,,,,,,,TASSA,,,,,,,,,,,,Google Scholar,,,,/home/wagner/.mozilla/firefox/owkxzo1u.default/zotero/storage/NSAIN6GC/Petrova-Antonova et al. - 2016 - TASSA A Testing as a Service Framework for Web Se.pdf,,,,,,,,,,,,,,,,,,,,,,,,,,,,,,,,,,,,,,,,,,,,,,,,,
9KA99N5H,journalArticle,2015,"Davis, Derrick D.; Armstrong, Curtis D.",60,DRIFTER Web App Development Support,,,,,,,,,http://ntrs.nasa.gov/search.jsp?R=20160006895,,2015,2016-09-06 21:00:54,2016-09-06 21:00:54,2016-09-06 21:00:54,,,,,,,,,,,,,,,,,,,Google Scholar,,,,/home/wagner/.mozilla/firefox/owkxzo1u.default/zotero/storage/6PU65IG9/search.html,,,,,,,,,,,,,,,,,,,,,,,,,,,,,,,,,,,,,,,,,,,,,,,,,
F2XN2UQG,conferencePaper,2016,"Granado, Ernesto; Quizhpi, Flavio; Zambrano, Julio; Colmenares, William",61,Remote experimentation using a smartphone application with haptic feedback,,,,2016 IEEE Global Engineering Education Conference (EDUCON),,,,,http://ieeexplore.ieee.org/xpls/abs_all.jsp?arnumber=7474560,,2016,2016-09-06 21:00:54,2016-09-06 21:00:54,2016-09-06 21:00:54,240–247,,,,,,,,,,,IEEE,,,,,,,Google Scholar,,,,/home/wagner/.mozilla/firefox/owkxzo1u.default/zotero/storage/Q762IPVF/7474560.html,,,,,,,,,,,,,,,,,,,,,,,,,,,,,,,,,,,,,,,,,,,,,,,,,
XRI8ZEMZ,journalArticle,2016,"He, Shuxiang; Zang, Qiyong; Zhang, Jingyu; Zhang, Han; Wang, Mengqi; Chen, Yixue",62,Development and Validation of an Interactive Efficient Dose Rates Distribution Calculation Program Arshield for Visualization of Radiation Field in Nuclear Power Plants,,,,Radiation protection dosimetry,,,,,http://rpd.oxfordjournals.org/content/early/2016/05/31/rpd.ncw127.abstract,,2016,2016-09-06 21:01:51,2016-09-06 21:01:51,2016-09-06 21:01:51,,,,,,,,,,,,,,,,,,,Google Scholar,,,,/home/wagner/.mozilla/firefox/owkxzo1u.default/zotero/storage/8FS9GJEU/rpd.ncw127.html,,,,,,,,,,,,,,,,,,,,,,,,,,,,,,,,,,,,,,,,,,,,,,,,,
N5FXZSEJ,journalArticle,2015,"Coppock, James",63,"Development of a Raspberry Pi based, SDI-12 sensor environmental data logger",,,,,,,,,http://eprints.usq.edu.au/29188/,,2015,2016-09-06 21:01:51,2016-09-06 21:01:51,2016-09-06 21:01:51,,,,,,,,,,,,,,,,,,,Google Scholar,,,,"/home/wagner/.mozilla/firefox/owkxzo1u.default/zotero/storage/MAZIFKR8/Coppock - 2015 - Development of a Raspberry Pi based, SDI-12 sensor.pdf; /home/wagner/.mozilla/firefox/owkxzo1u.default/zotero/storage/QXJ4HUAD/29188.html",,,,,,,,,,,,,,,,,,,,,,,,,,,,,,,,,,,,,,,,,,,,,,,,,
XAR445CR,journalArticle,,"John, Bince; Muruganand, S.",64,Wireless Sensor Technology for Water Quality Monitoring,,,,,,,,,http://ijarbest.com/mm-admin/conference/spcl5/document_2_NQMI_21122015.pdf,,,2016-09-06 21:01:51,2016-09-06 21:01:51,2016-09-06 21:01:51,,,,,,,,,,,,,,,,,,,Google Scholar,,,,/home/wagner/.mozilla/firefox/owkxzo1u.default/zotero/storage/RWXTJQ3G/John e Muruganand - Wireless Sensor Technology for Water Quality Monit.pdf,,,,,,,,,,,,,,,,,,,,,,,,,,,,,,,,,,,,,,,,,,,,,,,,,
CQTEIDR2,conferencePaper,2016,"Sun, Mingxu; Kenney, Laurence; Smith, C. L.; Waring, Karen; Luckie, H. M.; Howard, David",65,A flexible finite state controller for upper limb functional electrical stimulation,,,,Proceedings of the 20th Annual Conference of the International Functional Electrical Stimulation Society,,,,,https://ifess2016.inria.fr/files/2016/05/IFESS_2016_paper_11.pdf,,2016,2016-09-06 21:01:51,2016-09-06 21:01:51,2016-09-06 21:01:51,,,,,,,,,,,,,,,,,,,Google Scholar,,,,/home/wagner/.mozilla/firefox/owkxzo1u.default/zotero/storage/FZVRRESA/Sun et al. - 2016 - A flexible finite state controller for upper limb .pdf,,,,,,,,,,,,,,,,,,,,,,,,,,,,,,,,,,,,,,,,,,,,,,,,,
TP6TSRCQ,journalArticle,2016,"Parveen, Sayyad Nikhat; Goskula, Tirupati M.",66,Asterisk WiFi portable Voice Calling System using ARM11,,,,IJAR,,,,,http://www.allresearchjournal.com/archives/2016/vol2issue4/PartI/2-4-134.pdf,,2016,2016-09-06 21:01:51,2016-09-06 21:01:51,2016-09-06 21:01:51,567–570,,4,2,,,,,,,,,,,,,,,Google Scholar,,,,/home/wagner/.mozilla/firefox/owkxzo1u.default/zotero/storage/V8EQHC42/Parveen e Goskula - 2016 - Asterisk WiFi portable Voice Calling System using .pdf,,,,,,,,,,,,,,,,,,,,,,,,,,,,,,,,,,,,,,,,,,,,,,,,,
G35W4GQN,journalArticle,,"Nassar, Ameen Ahmed",67,Graphical User Interface (GUI) for Torsional Vibration Analysis of Rotor Systems Using Holzer and MatLab Techniques,,,,,,,,,https://www.researchgate.net/profile/Ameen_Aledani/publication/299583712_Graphical_User_Interface_GUI_for_Torsional_Vibration_Analysis_of_Rotor_Systems_Using_Holzer_and_MatLab_Techniques/links/5700a7d808ae650a64f810c3.pdf,,,2016-09-06 21:01:51,2016-09-06 21:01:51,2016-09-06 21:01:51,,,,,,,,,,,,,,,,,,,Google Scholar,,,,/home/wagner/.mozilla/firefox/owkxzo1u.default/zotero/storage/6B6VIT7J/Nassar - Graphical User Interface (GUI) for Torsional Vibra.pdf,,,,,,,,,,,,,,,,,,,,,,,,,,,,,,,,,,,,,,,,,,,,,,,,,
M6Q4FXHD,journalArticle,2016,"Senanayake, Ransalu; Goonetilleke, Ravindra S.",68,Pointing device performance in steering tasks,,,,Perceptual and motor skills,,,,,http://pms.sagepub.com/content/122/3/886.short,,2016,2016-09-06 21:01:51,2016-09-06 21:01:51,2016-09-06 21:01:51,886–910,,3,122,,,,,,,,,,,,,,,Google Scholar,,,,/home/wagner/.mozilla/firefox/owkxzo1u.default/zotero/storage/H7R2PIP7/886.html,,,,,,,,,,,,,,,,,,,,,,,,,,,,,,,,,,,,,,,,,,,,,,,,,
W7HVDNRD,journalArticle,2015,陳冠羽,69,移植 Android 4.2. 2 Jelly bean 於嵌入式多媒體平台 Cubieboard2 之方法研究,,,,,,,,,http://ir.lib.ntust.edu.tw/handle/987654321/50533,,2015,2016-09-06 21:01:51,2016-09-06 21:01:51,2016-09-06 21:01:51,,,,,,,,,,,,,,,,,,,Google Scholar,,,,/home/wagner/.mozilla/firefox/owkxzo1u.default/zotero/storage/JDXZSTK8/50533.html,,,,,,,,,,,,,,,,,,,,,,,,,,,,,,,,,,,,,,,,,,,,,,,,,
ZBZ2J9EJ,journalArticle,2016,"Kayode, Idris A.; Ogedengbe, Emmanuel OB; Rosen, Marc A.",70,Design of Stirrer Impeller with Variable Operational Speed for a Food Waste Homogenizer,,,,Sustainability,,,,,http://www.mdpi.com/2071-1050/8/5/489/htm,,2016,2016-09-06 21:01:51,2016-09-06 21:01:51,2016-09-06 21:01:51,489,,5,8,,,,,,,,,,,,,,,Google Scholar,,,,/home/wagner/.mozilla/firefox/owkxzo1u.default/zotero/storage/V9Z9WA9G/htm.html,,,,,,,,,,,,,,,,,,,,,,,,,,,,,,,,,,,,,,,,,,,,,,,,,
E93EXEIS,bookSection,2016,"Englisch, Norbert; Mittag, Roland; Hänchen, Felix; Khan, Owes; Masrur, Alejandro; Hardt, Wolfram",71,Efficiently Testing AUTOSAR Software Based on an Automatically Generated Knowledge Base,,,,Simulation and Testing for Vehicle Technology,,,,,http://link.springer.com/chapter/10.1007/978-3-319-32345-9_7,,2016,2016-09-06 21:01:51,2016-09-06 21:01:51,2016-09-06 21:01:51,87–97,,,,,,,,,,,Springer,,,,,,,Google Scholar,,,,/home/wagner/.mozilla/firefox/owkxzo1u.default/zotero/storage/WDH6NVQH/978-3-319-32345-9_7.html,,,,,,,,,,,,,,,,,,,,,,,,,,,,,,,,,,,,,,,,,,,,,,,,,
JBV54QRD,journalArticle,2016,"Watson, Brendon O.; Yuste, Rafael; Packer, Adam M.",72,PackIO and EphysViewer: software tools for acquisition and analysis of neuroscience data,,,,bioRxiv,,,,,http://biorxiv.org/content/early/2016/05/18/054080.abstract,,2016,2016-09-06 21:01:51,2016-09-06 21:01:51,2016-09-06 21:01:51,54080,,,,,,PackIO and EphysViewer,,,,,,,,,,,,Google Scholar,,,,/home/wagner/.mozilla/firefox/owkxzo1u.default/zotero/storage/KB6EUKD6/Watson et al. - 2016 - PackIO and EphysViewer software tools for acquisi.pdf; /home/wagner/.mozilla/firefox/owkxzo1u.default/zotero/storage/6VR3QWF6/054080.html,,,,,,,,,,,,,,,,,,,,,,,,,,,,,,,,,,,,,,,,,,,,,,,,,
BG8ABZHQ,journalArticle,,"Stahlberg, Felix; Vogel, Stephan",73,QATIP–An Optical Character Recognition System for Arabic Heritage Collections in Libraries,,,,,,,,,http://www.xilef-software.e8u.de/sites/default/files/store/papers/das-2016/DAS2016-qatip.pdf,,,2016-09-06 21:01:51,2016-09-06 21:01:51,2016-09-06 21:01:51,,,,,,,,,,,,,,,,,,,Google Scholar,,,,/home/wagner/.mozilla/firefox/owkxzo1u.default/zotero/storage/P6PP974T/Stahlberg e Vogel - QATIP–An Optical Character Recognition System for .pdf,,,,,,,,,,,,,,,,,,,,,,,,,,,,,,,,,,,,,,,,,,,,,,,,,
RRZ5CMZQ,journalArticle,2016,"Baum, Nicholas; Bugg, Christopher; Wright, Jonathan",74,Mighty Cracker Presentation,,,,,,,,,http://repository.uwyo.edu/ugrd/2015_UGRD/Schedule/16/,,2016,2016-09-06 21:01:51,2016-09-06 21:01:51,2016-09-06 21:01:51,,,,,,,,,,,,,,,,,,,Google Scholar,,,,/home/wagner/.mozilla/firefox/owkxzo1u.default/zotero/storage/IWGCZGSS/16.html,,,,,,,,,,,,,,,,,,,,,,,,,,,,,,,,,,,,,,,,,,,,,,,,,
7GI7PPRN,thesis,2015,"Siddiqui, Muhammad Owais Raza",75,Geometrical modelling and numerical analysis of thermal behaviour of textile structures,,,,,,,,,http://www.ros.hw.ac.uk/handle/10399/2886,,2015,2016-09-06 21:01:51,2016-09-06 21:01:51,2016-09-06 21:01:51,,,,,,,,,,,,Heriot-Watt University,,,,,,,Google Scholar,,,,/home/wagner/.mozilla/firefox/owkxzo1u.default/zotero/storage/3SBFJQ72/2886.html,,,,,,,,,,,,,,,,,,,,,,,,,,,,,,,,,,,,,,,,,,,,,,,,,
IMQJS8CW,journalArticle,2016,王灿运; 刘逢时,76,一种虚拟现实应用程序跨平台方法的研究,,,,智能计算机与应用,,,,,http://d.wanfangdata.com.cn/periodical_dnxx201602012.aspx,,2016,2016-09-06 21:01:51,2016-09-06 21:01:51,2016-09-06 21:01:51,12,,,2,,,,,,,,,,,,,,,Google Scholar,,,,/home/wagner/.mozilla/firefox/owkxzo1u.default/zotero/storage/PBIC4WV6/dnxx201602012.html,,,,,,,,,,,,,,,,,,,,,,,,,,,,,,,,,,,,,,,,,,,,,,,,,
D5HE9NPZ,journalArticle,,"Parikh, Priyam A.; Modi, Naman; Prajapati, Rakesh",77,Control of Industrial Pneumatic & Hydraulic Systems using Serial Communication Technology & Matlab,,,,,,,,,https://www.researchgate.net/profile/Priyam_Parikh/publication/288834845_Control_of_Industrial_Pneumatic_Hydraulic_Systems_using_Serial_Communication_Technology_Matlab/links/56860e5b08ae051f9af1f553.pdf,,,2016-09-06 21:01:51,2016-09-06 21:01:51,2016-09-06 21:01:51,,,,,,,,,,,,,,,,,,,Google Scholar,,,,/home/wagner/.mozilla/firefox/owkxzo1u.default/zotero/storage/WPR26JPW/Parikh et al. - Control of Industrial Pneumatic & Hydraulic System.pdf,,,,,,,,,,,,,,,,,,,,,,,,,,,,,,,,,,,,,,,,,,,,,,,,,
3FVJQJS9,journalArticle,2016,"Gibson, William",78,Intern Abstract for Spring 2016,,,,,,,,,http://ntrs.nasa.gov/search.jsp?R=20160005646,,2016,2016-09-06 21:01:51,2016-09-06 21:01:51,2016-09-06 21:01:51,,,,,,,,,,,,,,,,,,,Google Scholar,,,,/home/wagner/.mozilla/firefox/owkxzo1u.default/zotero/storage/XI3QSANM/search.html,,,,,,,,,,,,,,,,,,,,,,,,,,,,,,,,,,,,,,,,,,,,,,,,,
6IEZVD8Z,report,2015,"Raza, Qazi Hassan; Siddique, M. Aizad; Hamza Sajjad, DDP-FA11; Ali Ahmad Butt, DDP-FA11; others",79,Hardware implementation and control of three tank coupled system,,,,,,,,,http://210.56.20.183/xmlui/handle/123456789/152,,2015,2016-09-06 21:01:51,2016-09-06 21:01:51,2016-09-06 21:01:51,,,,,,,,,,,,COMSATS Institute of Information Technology Lahore-Pakistan,,,,,,,Google Scholar,,,,/home/wagner/.mozilla/firefox/owkxzo1u.default/zotero/storage/6N5GUM8H/152.html,,,,,,,,,,,,,,,,,,,,,,,,,,,,,,,,,,,,,,,,,,,,,,,,,
7B559I6K,journalArticle,,"Alimohammad, Amirhossein; Fard, Saeed Fouladi",80,"This article has been accepted for inclusion in a future issue of this journal. Content is final as presented, with the exception of pagination. IEEE TRANSACTIONS ON VERY LARGE SCALE INTEGRATION (VLSI) SYSTEMS 1 FPGA-Based Bit Error Rate Performance Measu",,,,,,,,,http://citeseerx.ist.psu.edu/viewdoc/summary?doi=10.1.1.727.3466,,,2016-09-06 21:01:51,2016-09-06 21:01:51,2016-09-06 21:01:51,,,,,,,,,,,,,,,,,,,Google Scholar,,,,/home/wagner/.mozilla/firefox/owkxzo1u.default/zotero/storage/DMRRJWVX/summary.html,,,,,,,,,,,,,,,,,,,,,,,,,,,,,,,,,,,,,,,,,,,,,,,,,
9HGQDGFM,journalArticle,2016,"Yang, Feng-Jen",81,Engaging a Real-Life Student with a Virtual Tutor,,,,International Journal of Computer Science and Innovation,,,,,http://www.infinitysciences.org/index.php/journal-of-computer-science/article/view/103,,2016,2016-09-06 21:01:51,2016-09-06 21:01:51,2016-09-06 21:01:51,,,2,2016,,,,,,,,,,,,,,,Google Scholar,,,,/home/wagner/.mozilla/firefox/owkxzo1u.default/zotero/storage/PWI2ZB6N/Yang - 2016 - Engaging a Real-Life Student with a Virtual Tutor.pdf; /home/wagner/.mozilla/firefox/owkxzo1u.default/zotero/storage/PHEKX39T/103.html,,,,,,,,,,,,,,,,,,,,,,,,,,,,,,,,,,,,,,,,,,,,,,,,,
ZTHMGNN4,conferencePaper,2016,"Laudenbach, Fabian; Hübel, Hannes; Hentschel, Michael; Poppe, Andreas",82,QPMoptics: a novel tool to simulate and optimise photon pair creation,,,,SPIE Photonics Europe,,,,,http://proceedings.spiedigitallibrary.org/proceeding.aspx?articleid=2519421,,2016,2016-09-06 21:02:25,2016-09-06 21:02:25,2016-09-06 21:02:25,98940V–98940V,,,,,,QPMoptics,,,,,International Society for Optics and Photonics,,,,,,,Google Scholar,,,,/home/wagner/.mozilla/firefox/owkxzo1u.default/zotero/storage/7HDI22XR/proceeding.html,,,,,,,,,,,,,,,,,,,,,,,,,,,,,,,,,,,,,,,,,,,,,,,,,
FW6QIFA2,journalArticle,2016,"Raj, J. Jean Rossario; Rahman, S. M. K.; Anand, Sneh",83,FPGA Design for Multiline Acquisition and Ethernet Interface in High-Frame-Rate Ultrasound Machines,,,,IETE Journal of Research,,,,,http://www.tandfonline.com/doi/abs/10.1080/03772063.2016.1176544,,2016,2016-09-06 21:02:25,2016-09-06 21:02:25,2016-09-06 21:02:25,1–8,,,,,,,,,,,,,,,,,,Google Scholar,,,,/home/wagner/.mozilla/firefox/owkxzo1u.default/zotero/storage/CSPI2XEK/03772063.2016.html,,,,,,,,,,,,,,,,,,,,,,,,,,,,,,,,,,,,,,,,,,,,,,,,,
K28T6JAQ,journalArticle,2016,"Haugdal, Hallvar",84,Developing an Application for Simulating a Parametrized PM Machine by FEM,,,,,,,,,https://brage.bibsys.no/xmlui/handle/11250/2386031,,2016,2016-09-06 21:02:25,2016-09-06 21:02:25,2016-09-06 21:02:25,,,,,,,,,,,,,,,,,,,Google Scholar,,,,/home/wagner/.mozilla/firefox/owkxzo1u.default/zotero/storage/IEQ8FP94/Haugdal - 2016 - Developing an Application for Simulating a Paramet.pdf; /home/wagner/.mozilla/firefox/owkxzo1u.default/zotero/storage/84MEABJS/2386031.html,,,,,,,,,,,,,,,,,,,,,,,,,,,,,,,,,,,,,,,,,,,,,,,,,
8373DWFB,journalArticle,2015,"Meldrum, Alexander",85,Development of GUI Supported Simulation Software for Hydrofoil Craft,,,,,,,,,http://www.diva-portal.org/smash/record.jsf?pid=diva2:917943,,2015,2016-09-06 21:02:25,2016-09-06 21:02:25,2016-09-06 21:02:25,,,,,,,,,,,,,,,,,,,Google Scholar,,,,/home/wagner/.mozilla/firefox/owkxzo1u.default/zotero/storage/JJDSV29X/Meldrum - 2015 - Development of GUI Supported Simulation Software f.pdf; /home/wagner/.mozilla/firefox/owkxzo1u.default/zotero/storage/4S28T2UD/record.html,,,,,,,,,,,,,,,,,,,,,,,,,,,,,,,,,,,,,,,,,,,,,,,,,
8DKM4NR4,conferencePaper,2016,"Shaikh, Meher T.; Goodrich, Michael A.; Yi, Daqing",86,Adverb Palette: GUI-based Support for Human Interaction in Multi-Objective Path-Planning,,,,The Eleventh ACM/IEEE International Conference on Human Robot Interation,,,,,http://dl.acm.org/citation.cfm?id=2906954,,2016,2016-09-06 21:02:25,2016-09-06 21:02:25,2016-09-06 21:02:25,515–516,,,,,,Adverb Palette,,,,,IEEE Press,,,,,,,Google Scholar,,,,/home/wagner/.mozilla/firefox/owkxzo1u.default/zotero/storage/X5SA6UXN/citation.html,,,,,,,,,,,,,,,,,,,,,,,,,,,,,,,,,,,,,,,,,,,,,,,,,
US293JCW,conferencePaper,2016,"Anwar, Inzamam; Mohsin, M. Owais; Iqbal, Saqib; Abideen, Zain Ul; Rehman, Attique Ur; Ahmed, Nisar",87,Design and fabrication of an underwater remotely operated vehicle (Single thruster configuration),,,,2016 13th International Bhurban Conference on Applied Sciences and Technology (IBCAST),,,,,http://ieeexplore.ieee.org/xpls/abs_all.jsp?arnumber=7429932,,2016,2016-09-06 21:02:25,2016-09-06 21:02:25,2016-09-06 21:02:25,547–553,,,,,,,,,,,IEEE,,,,,,,Google Scholar,,,,/home/wagner/.mozilla/firefox/owkxzo1u.default/zotero/storage/2JR6KGE7/7429932.html,,,,,,,,,,,,,,,,,,,,,,,,,,,,,,,,,,,,,,,,,,,,,,,,,
6IEIUXUZ,conferencePaper,2015,"Lokesha, H.; Veena, S.; Rathod, Jayantkumar A.; others",88,Design of Speech Based Ground Control Station for Controlling the Micro Air Vehicles,,,,2015 Fifth International Conference on Advances in Computing and Communications (ICACC),,,,,http://ieeexplore.ieee.org/xpls/abs_all.jsp?arnumber=7433902,,2015,2016-09-06 21:02:25,2016-09-06 21:02:25,2016-09-06 21:02:25,451–454,,,,,,,,,,,IEEE,,,,,,,Google Scholar,,,,/home/wagner/.mozilla/firefox/owkxzo1u.default/zotero/storage/JDW2W6HW/7433902.html,,,,,,,,,,,,,,,,,,,,,,,,,,,,,,,,,,,,,,,,,,,,,,,,,
Q6VDNF5X,conferencePaper,2015,"Vivek, G. V.; Sunil, M. P.",89,Enabling IOT services using WIFI-ZigBee gateway for a home automation system,,,,2015 IEEE International Conference on Research in Computational Intelligence and Communication Networks (ICRCICN),,,,,http://ieeexplore.ieee.org/xpls/abs_all.jsp?arnumber=7434213,,2015,2016-09-06 21:02:25,2016-09-06 21:02:25,2016-09-06 21:02:25,77–80,,,,,,,,,,,IEEE,,,,,,,Google Scholar,,,,/home/wagner/.mozilla/firefox/owkxzo1u.default/zotero/storage/ZAD5NI6M/7434213.html,,,,,,,,,,,,,,,,,,,,,,,,,,,,,,,,,,,,,,,,,,,,,,,,,
P7VQNS99,journalArticle,2016,"Duvick, Jon; Standage, Daniel S.; Merchant, Nirav; Brendel, Volker P.",90,xGDBvm: A Web GUI-driven workflow for annotating eukaryotic genomes in the cloud,,,,The Plant Cell,,,,,http://www.plantcell.org/content/early/2016/03/28/tpc.15.00933.abstract,,2016,2016-09-06 21:02:25,2016-09-06 21:02:25,2016-09-06 21:02:25,tpc–00933,,,,,,xGDBvm,,,,,,,,,,,,Google Scholar,,,,/home/wagner/.mozilla/firefox/owkxzo1u.default/zotero/storage/EMWU2ZVI/Duvick et al. - 2016 - xGDBvm A Web GUI-driven workflow for annotating e.pdf; /home/wagner/.mozilla/firefox/owkxzo1u.default/zotero/storage/W7GW8X4X/tpc.15.00933.html,,,,,,,,,,,,,,,,,,,,,,,,,,,,,,,,,,,,,,,,,,,,,,,,,
RQVFD3BH,journalArticle,2015,"Eugene de, Villiers; Angus, Lock; Paolo, Geremia; Todd, Johansen",91,"ELEMENTS, A New Aerodynamics Analysis Software",,,,International Journal of Automotive Engineering,,,,,http://jlc.jst.go.jp/DN/JLC/20021778047?from=Google,,2015,2016-09-06 21:02:25,2016-09-06 21:02:25,2016-09-06 21:02:25,39–44,,2,6,,,,,,,,,,,,,,,Google Scholar,,,,/home/wagner/.mozilla/firefox/owkxzo1u.default/zotero/storage/AGXP6BT8/_article.html,,,,,,,,,,,,,,,,,,,,,,,,,,,,,,,,,,,,,,,,,,,,,,,,,
5VKKZP4X,journalArticle,2016,"Lee, Eun Young; Novotny, Johannes; Wagreich, Michael",92,BasinVis 1.0: a MATLAB®-based program for sedimentary basin subsidence analysis and visualization,,,,Computers & Geosciences,,,,,http://www.sciencedirect.com/science/article/pii/S0098300416300899,,2016,2016-09-06 21:02:25,2016-09-06 21:02:25,2016-09-06 21:02:25,119–127,,,91,,,BasinVis 1.0,,,,,,,,,,,,Google Scholar,,,,/home/wagner/.mozilla/firefox/owkxzo1u.default/zotero/storage/X6D8843T/S0098300416300899.html,,,,,,,,,,,,,,,,,,,,,,,,,,,,,,,,,,,,,,,,,,,,,,,,,
EZEPCM57,conferencePaper,2015,"Bao, D.; Zou, Zhuo; Huan, Y.; Zhai, Chuanying; Bagaian, T.; Tenhunen, Hannu; Källbäck, B.; Zheng, Lirong",93,A smart catheter system for minimally invasive brain monitoring,,,,"8th International Conference on Biomedical Electronics and Devices, BIODEVICES 2015; Lisbon; Portugal",,,,,http://www.diva-portal.org/smash/record.jsf?pid=diva2:860882,,2015,2016-09-06 21:02:25,2016-09-06 21:02:25,2016-09-06 21:02:25,198–203,,,,,,,,,,,SciTePress,,,,,,,Google Scholar,,,,/home/wagner/.mozilla/firefox/owkxzo1u.default/zotero/storage/23KXCRI7/record.html,,,,,,,,,,,,,,,,,,,,,,,,,,,,,,,,,,,,,,,,,,,,,,,,,
SJ3B5WTH,conferencePaper,2016,"Xypolitidis, Benard; Shabani, Rudin; Khandeparkar, Satej V.; Ul-Abdin, Zain; Nordstr, Tomas; others",94,Towards Architectural Design Space Exploration for Heterogeneous Manycores,,,,"2016 24th Euromicro International Conference on Parallel, Distributed, and Network-Based Processing (PDP)",,,,,http://ieeexplore.ieee.org/xpls/abs_all.jsp?arnumber=7445427,,2016,2016-09-06 21:02:25,2016-09-06 21:02:25,2016-09-06 21:02:25,805–810,,,,,,,,,,,IEEE,,,,,,,Google Scholar,,,,/home/wagner/.mozilla/firefox/owkxzo1u.default/zotero/storage/4C2ZEQ4X/Xypolitidis et al. - 2016 - Towards Architectural Design Space Exploration for.pdf; /home/wagner/.mozilla/firefox/owkxzo1u.default/zotero/storage/EPIS5FDR/7445427.html,,,,,,,,,,,,,,,,,,,,,,,,,,,,,,,,,,,,,,,,,,,,,,,,,
9RBM7P5B,conferencePaper,2016,"MASTRANGELO, CH",95,MF-CAE: A Novel Lab on a Chip Simulation Tool,,,,Mechanical Engineering and Control Systems: Proceedings of the 2015 International Conference on Mechanical Engineering and Control Systems (MECS2015),,,,,https://books.google.com.br/books?hl=pt-BR&lr=&id=HF7FCwAAQBAJ&oi=fnd&pg=PA337&dq=%22graphical+user+interface%22++configuration&ots=bh5sU4IRpr&sig=4o4200LnKFggVn-gmE_mIriZGy4,,2016,2016-09-06 21:02:25,2016-09-06 21:02:25,2016-09-06 21:02:25,337,,,,,,MF-CAE,,,,,World Scientific,,,,,,,Google Scholar,,,,/home/wagner/.mozilla/firefox/owkxzo1u.default/zotero/storage/GSV268TS/books.html,,,,,,,,,,,,,,,,,,,,,,,,,,,,,,,,,,,,,,,,,,,,,,,,,
XFU3D5M6,thesis,2015,"Ponsard, Antoine",96,Anchored customization: anchoring settings to the application interface to afford customization,,,,,,,,,https://open.library.ubc.ca/cIRcle/collections/24/24/items/1.0220520,,2015,2016-09-06 21:02:25,2016-09-06 21:02:25,2016-09-06 21:02:25,,,,,,,Anchored customization,,,,,University of British Columbia,,,,,,,Google Scholar,,,,/home/wagner/.mozilla/firefox/owkxzo1u.default/zotero/storage/RP9CZM5C/1.html,,,,,,,,,,,,,,,,,,,,,,,,,,,,,,,,,,,,,,,,,,,,,,,,,
PZCVPJ9K,journalArticle,2016,"Stark, Jaime L.; Eghbalnia, Hamid R.; Lee, Woonghee; Westler, William M.; Markley, John L.",97,NMRmix: A Tool for the Optimization of Compound Mixtures in 1D 1H NMR Ligand Affinity Screens,,,,Journal of proteome research,,,,,http://pubs.acs.org/doi/abs/10.1021/acs.jproteome.6b00121,,2016,2016-09-06 21:02:25,2016-09-06 21:02:25,2016-09-06 21:02:25,1360–1368,,4,15,,,NMRmix,,,,,,,,,,,,Google Scholar,,,,/home/wagner/.mozilla/firefox/owkxzo1u.default/zotero/storage/9DIFDJAQ/acs.jproteome.html; /home/wagner/.mozilla/firefox/owkxzo1u.default/zotero/storage/F2WEG8E8/acs.jproteome.html,,,,,,,,,,,,,,,,,,,,,,,,,,,,,,,,,,,,,,,,,,,,,,,,,
SZJ27MVA,thesis,2015,"Soong, Theodore",98,Modular Multilevel Converters with Integrated Energy Storage,,,,,,,,,https://tspace.library.utoronto.ca/handle/1807/71617,,2015,2016-09-06 21:02:25,2016-09-06 21:02:25,2016-09-06 21:02:25,,,,,,,,,,,,University of Toronto,,,,,,,Google Scholar,,,,/home/wagner/.mozilla/firefox/owkxzo1u.default/zotero/storage/67HD2FCC/Soong - 2015 - Modular Multilevel Converters with Integrated Ener.pdf; /home/wagner/.mozilla/firefox/owkxzo1u.default/zotero/storage/VZC6TKUX/71617.html,,,,,,,,,,,,,,,,,,,,,,,,,,,,,,,,,,,,,,,,,,,,,,,,,
ISQUQD26,journalArticle,,"Li, Haoxiang; Hua, Gang",99,Egocentric Computer Vision based Wheelchair Robot Control,,,,,,,,,http://personal.stevens.edu/~hli18/data/papers/CamBasedWheelchairRobot.pdf,,,2016-09-06 21:02:25,2016-09-06 21:02:25,2016-09-06 21:02:25,,,,,,,,,,,,,,,,,,,Google Scholar,,,,/home/wagner/.mozilla/firefox/owkxzo1u.default/zotero/storage/UCURFUJJ/Li e Hua - Egocentric Computer Vision based Wheelchair Robot .pdf,,,,,,,,,,,,,,,,,,,,,,,,,,,,,,,,,,,,,,,,,,,,,,,,,
N4HGSGQC,conferencePaper,2015,"Ying, Shenshun; Ji, Shiming; Cai, Donghai; Bao, Guanjun; Fan, Zhun",100,A method to implement biomimetic control for a SMA springs array,,,,2015 IEEE International Conference on Robotics and Biomimetics (ROBIO),,,,,http://ieeexplore.ieee.org/xpls/abs_all.jsp?arnumber=7419701,,2015,2016-09-06 21:02:25,2016-09-06 21:02:25,2016-09-06 21:02:25,2419–2424,,,,,,,,,,,IEEE,,,,,,,Google Scholar,,,,/home/wagner/.mozilla/firefox/owkxzo1u.default/zotero/storage/VI37CSJ4/7419701.html,,,,,,,,,,,,,,,,,,,,,,,,,,,,,,,,,,,,,,,,,,,,,,,,,
76JWRJ9W,conferencePaper,2015,"Guvercin, Selim; Suliyev, Rassim; Tolebi, Gulnur",101,Design of automatic engraving machine controlled via computer,,,,2015 Twelve International Conference on Electronics Computer and Computation (ICECCO),,,,,http://ieeexplore.ieee.org/xpls/abs_all.jsp?arnumber=7416885,,2015,2016-09-06 21:02:25,2016-09-06 21:02:25,2016-09-06 21:02:25,1–3,,,,,,,,,,,IEEE,,,,,,,Google Scholar,,,,/home/wagner/.mozilla/firefox/owkxzo1u.default/zotero/storage/H59WEKKJ/7416885.html,,,,,,,,,,,,,,,,,,,,,,,,,,,,,,,,,,,,,,,,,,,,,,,,,
23DE6B4S,journalArticle,2016,"Vergez, Guillaume; Danaila, Ionut; Auliac, Sylvain; Hecht, Frédéric",102,A finite-element toolbox for the stationary Gross-Pitaevskii equation with rotation,,,,arXiv preprint arXiv:1602.07071,,,,,http://arxiv.org/abs/1602.07071,,2016,2016-09-06 21:03:05,2016-09-06 21:03:05,2016-09-06 21:03:05,,,,,,,,,,,,,,,,,,,Google Scholar,,,,/home/wagner/.mozilla/firefox/owkxzo1u.default/zotero/storage/A3BA9GUJ/Vergez et al. - 2016 - A finite-element toolbox for the stationary Gross-.pdf; /home/wagner/.mozilla/firefox/owkxzo1u.default/zotero/storage/PVEZ7FSX/1602.html,,,,,,,,,,,,,,,,,,,,,,,,,,,,,,,,,,,,,,,,,,,,,,,,,
WMNV5KGX,journalArticle,2016,"Morozov, A.; Solovov, V.; Martins, R.; Neves, F.; Domingos, V.; Chepel, V.",103,ANTS2 package: simulation and experimental data processing for Anger camera type detectors,,,,Journal of Instrumentation,,,,,http://iopscience.iop.org/article/10.1088/1748-0221/11/04/P04022/meta,,2016,2016-09-06 21:03:05,2016-09-06 21:03:05,2016-09-06 21:03:05,P04022,,4,11,,,ANTS2 package,,,,,,,,,,,,Google Scholar,,,,/home/wagner/.mozilla/firefox/owkxzo1u.default/zotero/storage/WXUM7CI4/Morozov et al. - 2016 - ANTS2 package simulation and experimental data pr.pdf; /home/wagner/.mozilla/firefox/owkxzo1u.default/zotero/storage/EG8X9F7E/meta.html,,,,,,,,,,,,,,,,,,,,,,,,,,,,,,,,,,,,,,,,,,,,,,,,,
TRWMN8BN,journalArticle,2016,"Evestedt, Niclas; Ljungqvist, Oskar; Axehill, Daniel",104,Path tracking and stabilization for a reversing general 2-trailer configuration using a cascaded control approach,,,,arXiv preprint arXiv:1602.06675,,,,,http://arxiv.org/abs/1602.06675,,2016,2016-09-06 21:03:05,2016-09-06 21:03:05,2016-09-06 21:03:05,,,,,,,,,,,,,,,,,,,Google Scholar,,,,/home/wagner/.mozilla/firefox/owkxzo1u.default/zotero/storage/U7VTC3EW/Evestedt et al. - 2016 - Path tracking and stabilization for a reversing ge.pdf; /home/wagner/.mozilla/firefox/owkxzo1u.default/zotero/storage/UKDE6HWC/1602.html,,,,,,,,,,,,,,,,,,,,,,,,,,,,,,,,,,,,,,,,,,,,,,,,,
GDWPHKIU,bookSection,2016,"Tiderko, Alexander; Hoeller, Frank; Röhling, Timo",105,The ROS Multimaster Extension for Simplified Deployment of Multi-Robot Systems,,,,Robot Operating System (ROS),,,,,http://link.springer.com/chapter/10.1007/978-3-319-26054-9_24,,2016,2016-09-06 21:03:05,2016-09-06 21:03:05,2016-09-06 21:03:05,629–650,,,,,,,,,,,Springer,,,,,,,Google Scholar,,,,/home/wagner/.mozilla/firefox/owkxzo1u.default/zotero/storage/KGHXFN7G/978-3-319-26054-9_24.html,,,,,,,,,,,,,,,,,,,,,,,,,,,,,,,,,,,,,,,,,,,,,,,,,
TF59RX2A,journalArticle,2016,"Tran, Anh Phuong; Dafflon, Baptiste; Hubbard, Susan",106,iMatTOUGH: An open-source Matlab-based graphical user interface for pre-and post-processing of TOUGH2 and iTOUGH2 models,,,,Computers & Geosciences,,,,,http://www.sciencedirect.com/science/article/pii/S0098300416300310,,2016,2016-09-06 21:03:05,2016-09-06 21:03:05,2016-09-06 21:03:05,132–143,,,89,,,iMatTOUGH,,,,,,,,,,,,Google Scholar,,,,/home/wagner/.mozilla/firefox/owkxzo1u.default/zotero/storage/XFPHG8EF/S0098300416300310.html,,,,,,,,,,,,,,,,,,,,,,,,,,,,,,,,,,,,,,,,,,,,,,,,,
DU84U7BE,journalArticle,2015,"Jeong, Donghwa; Lee, Kiju",107,iSIG-Blocks: interactive creation blocks for tangible geometric games,,,,IEEE Transactions on Consumer Electronics,,,,,http://ieeexplore.ieee.org/xpls/abs_all.jsp?arnumber=7389795,,2015,2016-09-06 21:03:05,2016-09-06 21:03:05,2016-09-06 21:03:05,420–428,,4,61,,,iSIG-Blocks,,,,,,,,,,,,Google Scholar,,,,/home/wagner/.mozilla/firefox/owkxzo1u.default/zotero/storage/PAGESFDZ/7389795.html,,,,,,,,,,,,,,,,,,,,,,,,,,,,,,,,,,,,,,,,,,,,,,,,,
MPZK82M7,journalArticle,2016,"Princz, Daniel",108,The CRANE Framework for Simulation Model Workflows,,,,,,,,,https://uwspace.uwaterloo.ca/handle/10012/10230,,2016,2016-09-06 21:03:05,2016-09-06 21:03:05,2016-09-06 21:03:05,,,,,,,,,,,,,,,,,,,Google Scholar,,,,/home/wagner/.mozilla/firefox/owkxzo1u.default/zotero/storage/QRCF6SN6/Princz - 2016 - The CRANE Framework for Simulation Model Workflows.pdf; /home/wagner/.mozilla/firefox/owkxzo1u.default/zotero/storage/5Q3S2DV2/10230.html,,,,,,,,,,,,,,,,,,,,,,,,,,,,,,,,,,,,,,,,,,,,,,,,,
36FHB3WD,conferencePaper,2015,"Paolanti, Marina; Pollini, Rama; Frontoni, Emanuele; Mancini, Adriano; De Leo, Roberto; Zingaretti, Primo; Bisceglia, Bruno",109,Exposure protocol setup for agro food treatment. Method and system for developing an application for heating in reverberation chamber,,,,"Microwave Symposium (MMS), 2015 IEEE 15th Mediterranean",,,,,http://ieeexplore.ieee.org/xpls/abs_all.jsp?arnumber=7375372,,2015,2016-09-06 21:03:05,2016-09-06 21:03:05,2016-09-06 21:03:05,1–4,,,,,,,,,,,IEEE,,,,,,,Google Scholar,,,,/home/wagner/.mozilla/firefox/owkxzo1u.default/zotero/storage/K69I2MW7/7375372.html,,,,,,,,,,,,,,,,,,,,,,,,,,,,,,,,,,,,,,,,,,,,,,,,,
MEEXB2DV,conferencePaper,2015,"Nesterenko, Brandon; Wang, Wenwen; Yi, Qing",110,Interactive Composition of Compiler Optimizations,,,,International Workshop on Languages and Compilers for Parallel Computing,,,,,http://link.springer.com/chapter/10.1007/978-3-319-29778-1_6,,2015,2016-09-06 21:03:05,2016-09-06 21:03:05,2016-09-06 21:03:05,91–105,,,,,,,,,,,Springer,,,,,,,Google Scholar,,,,/home/wagner/.mozilla/firefox/owkxzo1u.default/zotero/storage/C8EPHRJN/Nesterenko et al. - 2015 - Interactive Composition of Compiler Optimizations.pdf; /home/wagner/.mozilla/firefox/owkxzo1u.default/zotero/storage/VTVMQAXQ/978-3-319-29778-1_6.html,,,,,,,,,,,,,,,,,,,,,,,,,,,,,,,,,,,,,,,,,,,,,,,,,
GHTUD5SP,journalArticle,,"Panchal, Vipul K.; Chavda, Chhaya; Patel, Vijay; Patel, Narendra; Ghosh, Joydeep",111,Software Upgradation of PXI Based Data Acquisition for Aditya Experiments,,,,APFA 2015,,,,,http://www.ipr.res.in/APFA2015/documents/Abstract%20Book%20APFA-2015.pdf#page=151,,,2016-09-06 21:03:05,2016-09-06 21:03:05,2016-09-06 21:03:05,149,,,,,,,,,,,,,,,,,,Google Scholar,,,,/home/wagner/.mozilla/firefox/owkxzo1u.default/zotero/storage/3WTPJQSJ/Abstract Book APFA-2015.pdf,,,,,,,,,,,,,,,,,,,,,,,,,,,,,,,,,,,,,,,,,,,,,,,,,
ZBKT3625,journalArticle,2015,"Meng, Y.; Hadimani, R. L.; Crowther, L. J.; Xu, Z.; Qu, J.; Jiles, D. C.",112,"Modified from a paper published in Journal of Applied Physics, vol. 117, no. 17, p. 17B305, 2015",,,,Cellular level studies and coil system design for transcranial magnetic stimulation,,,,,http://lib.dr.iastate.edu/cgi/viewcontent.cgi?article=5518&context=etd#page=36,,2015,2016-09-06 21:03:05,2016-09-06 21:03:05,2016-09-06 21:03:05,24,,,,,,,,,,,,,,,,,,Google Scholar,,,,/home/wagner/.mozilla/firefox/owkxzo1u.default/zotero/storage/WTZVIHJ8/Meng et al. - 2015 - Modified from a paper published in Journal of Appl.pdf,,,,,,,,,,,,,,,,,,,,,,,,,,,,,,,,,,,,,,,,,,,,,,,,,
6MN6KEKT,bookSection,2016,"Rao, T. Ramamohan; Kirthana, S.",113,Developing a GUI for Optimization of Acoustic Enclosure of a Compressor Chamber,,,,"CAD/CAM, Robotics and Factories of the Future",,,,,http://link.springer.com/chapter/10.1007/978-81-322-2740-3_35,,2016,2016-09-06 21:03:05,2016-09-06 21:03:05,2016-09-06 21:03:05,367–377,,,,,,,,,,,Springer,,,,,,,Google Scholar,,,,/home/wagner/.mozilla/firefox/owkxzo1u.default/zotero/storage/J8PTQMJG/978-81-322-2740-3_35.html,,,,,,,,,,,,,,,,,,,,,,,,,,,,,,,,,,,,,,,,,,,,,,,,,
3B2WSGF4,conferencePaper,2015,"Avcioglu, Alper; Demirer, Mehmet",114,Implementation of system testing automatization on computer aided systems for hardware and software,,,,"IEEE AUTOTESTCON, 2015",,,,,http://ieeexplore.ieee.org/xpls/abs_all.jsp?arnumber=7356478,,2015,2016-09-06 21:03:05,2016-09-06 21:03:05,2016-09-06 21:03:05,127–133,,,,,,,,,,,IEEE,,,,,,,Google Scholar,,,,/home/wagner/.mozilla/firefox/owkxzo1u.default/zotero/storage/3T9D2C3F/7356478.html,,,,,,,,,,,,,,,,,,,,,,,,,,,,,,,,,,,,,,,,,,,,,,,,,
I7CM3UGA,journalArticle,,"Gandotra, Aatish; Singh, Tejaswi",115,SOFTWARE CONTROL SYSTEMS FOR SMART ANTENNA,,,,,,,,,http://esatjournals.net/ijret/2015v04/i11/IJRET20150411028.pdf,,,2016-09-06 21:03:05,2016-09-06 21:03:05,2016-09-06 21:03:05,,,,,,,,,,,,,,,,,,,Google Scholar,,,,/home/wagner/.mozilla/firefox/owkxzo1u.default/zotero/storage/GT9U57ZR/Gandotra e Singh - SOFTWARE CONTROL SYSTEMS FOR SMART ANTENNA.pdf,,,,,,,,,,,,,,,,,,,,,,,,,,,,,,,,,,,,,,,,,,,,,,,,,
6JBTGPKX,journalArticle,2015,"Burnell, Daniel K.; Cooper, Justin; Xu, Jie; Burden, David S.",116,Graphical User Interface for AT123D-AT Solute Transport Model.,,,,Groundwater,,,,,https://www.researchgate.net/profile/Daniel_Burnell/publication/288670443_Graphical_User_Interface_for_AT123D-AT_Solute_Transport_Model/links/5682ef9d08ae051f9aee877b.pdf,,2015,2016-09-06 21:03:05,2016-09-06 21:03:05,2016-09-06 21:03:05,,,,,,,,,,,,,,,,,,,Google Scholar,,,,/home/wagner/.mozilla/firefox/owkxzo1u.default/zotero/storage/3Q28G3W6/Burnell et al. - 2015 - Graphical User Interface for AT123D-AT Solute Tran.pdf,,,,,,,,,,,,,,,,,,,,,,,,,,,,,,,,,,,,,,,,,,,,,,,,,
JUTN7J34,journalArticle,2016,"Mariappan, Muralindran; Ming, Tony Chua Tung; Nadarajan, Manimehala",117,Automated Visual Inspection: Position Identification of Object for Industrial Robot Application based on Color and Shape,,,,International Journal of Intelligent Systems and Applications,,,,,http://search.proquest.com/openview/d9fcd855f2a689b2ab21551d87efea03/1?pq-origsite=gscholar&cbl=2026672,,2016,2016-09-06 21:03:05,2016-09-06 21:03:05,2016-09-06 21:03:05,9,,1,8,,,Automated Visual Inspection,,,,,,,,,,,,Google Scholar,,,,/home/wagner/.mozilla/firefox/owkxzo1u.default/zotero/storage/7DKPP4NF/Mariappan et al. - 2016 - Automated Visual Inspection Position Identificati.pdf; /home/wagner/.mozilla/firefox/owkxzo1u.default/zotero/storage/FA9D49V2/1.html,,,,,,,,,,,,,,,,,,,,,,,,,,,,,,,,,,,,,,,,,,,,,,,,,
A66D32ZF,journalArticle,2015,"Leibrandt, D. R.; Heidecker, J.",118,"An open source digital servo for atomic, molecular, and optical physics experiments",,,,Review of Scientific Instruments,,,,,http://scitation.aip.org/content/aip/journal/rsi/86/12/10.1063/1.4938282,,2015,2016-09-06 21:03:05,2016-09-06 21:03:05,2016-09-06 21:03:05,123115,,12,86,,,,,,,,,,,,,,,Google Scholar,,,,"/home/wagner/.mozilla/firefox/owkxzo1u.default/zotero/storage/UKZ4BDQT/Leibrandt e Heidecker - 2015 - An open source digital servo for atomic, molecular.pdf; /home/wagner/.mozilla/firefox/owkxzo1u.default/zotero/storage/V7NJNFI5/1.html",,,,,,,,,,,,,,,,,,,,,,,,,,,,,,,,,,,,,,,,,,,,,,,,,
QS8GGMJW,journalArticle,2015,"Morgan, Fearghal; Krewer, Finn; Callaly, Frank; Coffey, Aedan; Mc Ginley, Brian",119,Web-enabled Neuron Model Hardware Implementation and Testing,,,,,,,,,https://www.researchgate.net/profile/Brian_Mc_Ginley/publication/284435160_Web-enabled_Neuron_Model_Hardware_Implementation_and_Testing/links/567011d008aecdcd23588d81.pdf,,2015,2016-09-06 21:03:05,2016-09-06 21:03:05,2016-09-06 21:03:05,,,,,,,,,,,,,,,,,,,Google Scholar,,,,/home/wagner/.mozilla/firefox/owkxzo1u.default/zotero/storage/W2PCNUBV/Morgan et al. - 2015 - Web-enabled Neuron Model Hardware Implementation a.pdf,,,,,,,,,,,,,,,,,,,,,,,,,,,,,,,,,,,,,,,,,,,,,,,,,
ZUXQ4PS7,journalArticle,2016,"Tennina, Stefano; Gaddour, Olfa; Koubâa, Anis; Royo, Fernando; Alves, Mário; Abid, Mohamed",120,Z-Monitor: A protocol analyzer for IEEE 802.15. 4-based low-power wireless networks,,,,Computer Networks,,,,,http://www.sciencedirect.com/science/article/pii/S1389128615004788,,2016,2016-09-06 21:03:05,2016-09-06 21:03:05,2016-09-06 21:03:05,77–96,,,95,,,Z-Monitor,,,,,,,,,,,,Google Scholar,,,,/home/wagner/.mozilla/firefox/owkxzo1u.default/zotero/storage/7C6FB8CX/S1389128615004788.html,,,,,,,,,,,,,,,,,,,,,,,,,,,,,,,,,,,,,,,,,,,,,,,,,
UG2XA4N3,conferencePaper,2015,"Paisana, Francisco; Santos, Joao F.; Kaminski, Nicholas J.; Marquez-Barja, Johann M.; Marchetti, Nicola; DaSilva, Luiz A.",121,Implementation of temporal spectrum sharing for radar bands,,,,"Dynamic Spectrum Access Networks (DySPAN), 2015 IEEE International Symposium on",,,,,http://ieeexplore.ieee.org/xpls/abs_all.jsp?arnumber=7343913,,2015,2016-09-06 21:03:05,2016-09-06 21:03:05,2016-09-06 21:03:05,271–272,,,,,,,,,,,IEEE,,,,,,,Google Scholar,,,,/home/wagner/.mozilla/firefox/owkxzo1u.default/zotero/storage/Q264FUA8/7343913.html,,,,,,,,,,,,,,,,,,,,,,,,,,,,,,,,,,,,,,,,,,,,,,,,,
DSPVFPBI,conferencePaper,2015,"Corzilius, Florian; Kremer, Gereon; Junges, Sebastian; Schupp, Stefan; Ábrahám, Erika",122,SMT-RAT: An Open Source C++ Toolbox for Strategic and Parallel SMT Solving,,,,International Conference on Theory and Applications of Satisfiability Testing,,,,,http://link.springer.com/chapter/10.1007/978-3-319-24318-4_26,,2015,2016-09-06 21:03:34,2016-09-06 21:03:34,2016-09-06 21:03:34,360–368,,,,,,SMT-RAT,,,,,Springer,,,,,,,Google Scholar,,,,/home/wagner/.mozilla/firefox/owkxzo1u.default/zotero/storage/ZF6CQWMT/978-3-319-24318-4_26.html,,,,,,,,,,,,,,,,,,,,,,,,,,,,,,,,,,,,,,,,,,,,,,,,,
ZVBUK8UR,report,2015,"Karsai, Gabor; Dubey, Abhishek; Mahadevan, Nag",123,Resilient Software Systems,,,,,,,,,http://oai.dtic.mil/oai/oai?verb=getRecord&metadataPrefix=html&identifier=ADA619849,,2015,2016-09-06 21:03:34,2016-09-06 21:03:34,2016-09-06 21:03:34,,,,,,,,,,,,DTIC Document,,,,,,,Google Scholar,,,,/home/wagner/.mozilla/firefox/owkxzo1u.default/zotero/storage/T6KBBIVH/Karsai et al. - 2015 - Resilient Software Systems.pdf; /home/wagner/.mozilla/firefox/owkxzo1u.default/zotero/storage/C2JHP8N5/oai.html,,,,,,,,,,,,,,,,,,,,,,,,,,,,,,,,,,,,,,,,,,,,,,,,,
UZ7GRZ8C,journalArticle,2015,"Ocepek, Benjamin",124,A Generic Timing Receiver for Event-Driven Timing Systems/Genericni sprejemnik dogodkovno gnanega sistema za sinhronizacijo takta ure,,,,Elektrotehniski Vestnik,,,,,http://search.proquest.com/openview/efbdae61a3ad6657eebdff14cc576a82/1?pq-origsite=gscholar,,2015,2016-09-06 21:03:34,2016-09-06 21:03:34,2016-09-06 21:03:34,205,,4,82,,,,,,,,,,,,,,,Google Scholar,,,,/home/wagner/.mozilla/firefox/owkxzo1u.default/zotero/storage/WVEHJAWK/Ocepek - 2015 - A Generic Timing Receiver for Event-Driven Timing .pdf; /home/wagner/.mozilla/firefox/owkxzo1u.default/zotero/storage/EEEREQ3Q/1.html,,,,,,,,,,,,,,,,,,,,,,,,,,,,,,,,,,,,,,,,,,,,,,,,,
NPI29CFI,journalArticle,2016,"Vergara-Perez, Sandra; Marucho, Marcelo",125,"MPBEC, a Matlab Program for Biomolecular Electrostatic Calculations",,,,Computer physics communications,,,,,http://www.sciencedirect.com/science/article/pii/S0010465515003288,,2016,2016-09-06 21:03:34,2016-09-06 21:03:34,2016-09-06 21:03:34,179–194,,,198,,,,,,,,,,,,,,,Google Scholar,,,,/home/wagner/.mozilla/firefox/owkxzo1u.default/zotero/storage/M6SU8VZX/PMC4767531.html; /home/wagner/.mozilla/firefox/owkxzo1u.default/zotero/storage/UMCSN5HJ/S0010465515003288.html,,,,,,,,,,,,,,,,,,,,,,,,,,,,,,,,,,,,,,,,,,,,,,,,,
JR4QII3Q,book,2015,"Petrasova, Anna; Harmon, Brendan; Petras, Vaclav; Mitasova, Helena",126,Tangible Modeling with Open Source GIS,,,,,,,,,http://link.springer.com/content/pdf/10.1007/978-3-319-25775-4.pdf,,2015,2016-09-06 21:03:51,2016-09-06 21:03:51,2016-09-06 21:03:51,,,,,,,,,,,,Springer,,,,,,,Google Scholar,,,,/home/wagner/.mozilla/firefox/owkxzo1u.default/zotero/storage/86SH2QG2/978-3-319-25775-4.html,,,,,,,,,,,,,,,,,,,,,,,,,,,,,,,,,,,,,,,,,,,,,,,,,
RH9D2VJ8,conferencePaper,2015,"López-Erauskin, Ramón; Geury, Thomas; González, Ander; Gyselinck, Johan; Hervás, María Emilia; Fabre, Alexis; Betancourt, Uta; Ackermann, Thomas",127,Testing the Enhanced Functionalities of Commercial PV Inverters Under Realistic Atmospheric and Abnormal Grid Conditions,,,,"Proceedings of the 5th Solar Integration Workshop, International Workshop on Integration of Solar Power into Power System",,,,,https://www.researchgate.net/profile/Ander_Gonzalez/publication/285523327_Testing_the_Enhanced_Functionalities_of_Commercial_PV_Inverters_Under_Realistic_Atmospheric_and_Abnormal_Grid_Conditions/links/566adfc008ae1a797e395d3d.pdf,,2015,2016-09-06 21:03:51,2016-09-06 21:03:51,2016-09-06 21:03:51,,,,,,,,,,,,Energynautics GmbH,,,,,,,Google Scholar,,,,/home/wagner/.mozilla/firefox/owkxzo1u.default/zotero/storage/8RJ4DXER/López-Erauskin et al. - 2015 - Testing the Enhanced Functionalities of Commercial.pdf,,,,,,,,,,,,,,,,,,,,,,,,,,,,,,,,,,,,,,,,,,,,,,,,,
9RWQM5GP,journalArticle,2015,"Soni, Neha",128,An Empirical Performance Analysis Of IaaS Clouds With CloudStone Web 2.0 Benchmarking Tool,,,,,,,,,http://digitalcommons.unf.edu/etd/583/,,2015,2016-09-06 21:03:51,2016-09-06 21:03:51,2016-09-06 21:03:51,,,,,,,,,,,,,,,,,,,Google Scholar,,,,/home/wagner/.mozilla/firefox/owkxzo1u.default/zotero/storage/XHFDEVRJ/Soni - 2015 - An Empirical Performance Analysis Of IaaS Clouds W.pdf; /home/wagner/.mozilla/firefox/owkxzo1u.default/zotero/storage/PD95QRNB/583.html,,,,,,,,,,,,,,,,,,,,,,,,,,,,,,,,,,,,,,,,,,,,,,,,,
XDDRAPRQ,conferencePaper,2015,"Pulok, Md Kamrul Hasan; Faruque, M. Omar",129,Real-time dynamic state estimation using synchrophasor data,,,,"North American Power Symposium (NAPS), 2015",,,,,http://ieeexplore.ieee.org/xpls/abs_all.jsp?arnumber=7335169,,2015,2016-09-06 21:03:51,2016-09-06 21:03:51,2016-09-06 21:03:51,1–6,,,,,,,,,,,IEEE,,,,,,,Google Scholar,,,,/home/wagner/.mozilla/firefox/owkxzo1u.default/zotero/storage/VAC4N47X/7335169.html,,,,,,,,,,,,,,,,,,,,,,,,,,,,,,,,,,,,,,,,,,,,,,,,,
S4ICUF43,journalArticle,2015,"Paulov, Ivan",130,Routing in a Virtualised Environment with RouterOS,,,,,,,,,http://www.theseus.fi/handle/10024/101581,,2015,2016-09-06 21:03:51,2016-09-06 21:03:51,2016-09-06 21:03:51,,,,,,,,,,,,,,,,,,,Google Scholar,,,,/home/wagner/.mozilla/firefox/owkxzo1u.default/zotero/storage/HRUQWVVM/Paulov - 2015 - Routing in a Virtualised Environment with RouterOS.pdf; /home/wagner/.mozilla/firefox/owkxzo1u.default/zotero/storage/JCMB6KJC/101581.html,,,,,,,,,,,,,,,,,,,,,,,,,,,,,,,,,,,,,,,,,,,,,,,,,
S3DQBTN8,conferencePaper,2015,"Kemal, Mohammed; Iov, Florin; Olsen, Rasmus; Le Fevre, Thomas; Apostolopoulos, Christos",131,On-line configuration of network emulator for intelligent energy system testbed applications,,,,"AFRICON, 2015",,,,,http://ieeexplore.ieee.org/xpls/abs_all.jsp?arnumber=7331979,,2015,2016-09-06 21:03:51,2016-09-06 21:03:51,2016-09-06 21:03:51,1–4,,,,,,,,,,,IEEE,,,,,,,Google Scholar,,,,/home/wagner/.mozilla/firefox/owkxzo1u.default/zotero/storage/AHPMM7NW/7331979.html,,,,,,,,,,,,,,,,,,,,,,,,,,,,,,,,,,,,,,,,,,,,,,,,,
JJSAB4RQ,journalArticle,,"Mohamed, Izzeldin Ibrahim",132,Development of a Low Cost and High Performance System on Chip Embedded Logic Analyzer,,,,,,,,,http://ijesc.org/upload/b438707ed71ba17f65b52124817ede2f.Development%20of%20a%20Low%20Cost%20and%20High%20Performance%20System%20on%20Chip%20Embedded%20Logic%20Analyzer.pdf,,,2016-09-06 21:03:51,2016-09-06 21:03:51,2016-09-06 21:03:51,,,,,,,,,,,,,,,,,,,Google Scholar,,,,/home/wagner/.mozilla/firefox/owkxzo1u.default/zotero/storage/4H7P8H4F/Mohamed - Development of a Low Cost and High Performance Sys.pdf,,,,,,,,,,,,,,,,,,,,,,,,,,,,,,,,,,,,,,,,,,,,,,,,,
JAZ4DJSS,thesis,2015,"Yang, Zhiyao",133,Development of simulation modules for liquid desiccant systems in SorpSim,,,,,,,,,http://gradworks.umi.com/15/98/1598336.html,,2015,2016-09-06 21:03:51,2016-09-06 21:03:51,2016-09-06 21:03:51,,,,,,,,,,,,PURDUE UNIVERSITY,,,,,,,Google Scholar,,,,/home/wagner/.mozilla/firefox/owkxzo1u.default/zotero/storage/S3AW4I29/1598336.html,,,,,,,,,,,,,,,,,,,,,,,,,,,,,,,,,,,,,,,,,,,,,,,,,
BRKT7ID5,conferencePaper,2015,"Wichrowski, Marcin; Koržinek, Danijel; Szklanny, Krzysztof",134,Google Glass Development in Practice: UX Design Sprint Workshops,,,,"Proceedings of the Mulitimedia, Interaction, Design and Innnovation",,,,,http://dl.acm.org/citation.cfm?id=2814475,,2015,2016-09-06 21:03:51,2016-09-06 21:03:51,2016-09-06 21:03:51,11,,,,,,Google Glass Development in Practice,,,,,ACM,,,,,,,Google Scholar,,,,/home/wagner/.mozilla/firefox/owkxzo1u.default/zotero/storage/G2TM9US4/citation.html,,,,,,,,,,,,,,,,,,,,,,,,,,,,,,,,,,,,,,,,,,,,,,,,,
F3NDWFGP,journalArticle,2015,"OLEYNIK, PP",135,Unified metamodel of object system,,,,Объектные системы,,,,,http://cyberleninka.ru/article/n/unified-metamodel-of-object-system,,2015,2016-09-06 21:03:51,2016-09-06 21:03:51,2016-09-06 21:03:51,,,10 (10),,,,,,,,,,,,,,,,Google Scholar,,,,/home/wagner/.mozilla/firefox/owkxzo1u.default/zotero/storage/44ME5KKW/unified-metamodel-of-object-system.html,,,,,,,,,,,,,,,,,,,,,,,,,,,,,,,,,,,,,,,,,,,,,,,,,
ZMFHJ5H5,journalArticle,2015,"Wacha, Andrįs",136,Optimized pinhole geometry for small-angle scattering,,,,Journal of Applied Crystallography,,,,,http://scripts.iucr.org/cgi-bin/paper?s1600576715018932,,2015,2016-09-06 21:03:51,2016-09-06 21:03:51,2016-09-06 21:03:51,,,6,48,,,,,,,,,,,,,,,Google Scholar,,,,/home/wagner/.mozilla/firefox/owkxzo1u.default/zotero/storage/KHZI7AIP/paper.html,,,,,,,,,,,,,,,,,,,,,,,,,,,,,,,,,,,,,,,,,,,,,,,,,
T32JR4P4,journalArticle,2015,"Apajalahti, Kasper; others",137,Semantic Search Interface for an Intelligent Network Management System–A Case Study,,,,,,,,,https://aaltodoc.aalto.fi/handle/123456789/18660,,2015,2016-09-06 21:03:51,2016-09-06 21:03:51,2016-09-06 21:03:51,,,,,,,,,,,,,,,,,,,Google Scholar,,,,/home/wagner/.mozilla/firefox/owkxzo1u.default/zotero/storage/JDUNV4ZH/Apajalahti e others - 2015 - Semantic Search Interface for an Intelligent Netwo.pdf; /home/wagner/.mozilla/firefox/owkxzo1u.default/zotero/storage/ZMW5D69D/18660.html,,,,,,,,,,,,,,,,,,,,,,,,,,,,,,,,,,,,,,,,,,,,,,,,,
A28MG9EP,journalArticle,,"Ee, Chung Sheng; Ting, Fung Fung; Sim, Kok Swee; Tso, Chih Ping",138,Development of a Graphical User Interface Training System for Early Infarct Detection,,,,imaging,,,,,http://www.ijiee.org/vol6/594-Y025.pdf,,,2016-09-06 21:03:51,2016-09-06 21:03:51,2016-09-06 21:03:51,7,,,6,,,,,,,,,,,,,,,Google Scholar,,,,/home/wagner/.mozilla/firefox/owkxzo1u.default/zotero/storage/ISHASA2T/Ee et al. - Development of a Graphical User Interface Training.pdf,,,,,,,,,,,,,,,,,,,,,,,,,,,,,,,,,,,,,,,,,,,,,,,,,
RCQZFG4M,book,2015,"Jadhav, Sangram R.; Parihar, Mahesh N.; Jadhav, Sharad P.",139,LabVIEW based Design and Implementation of Analog PI Controller for Dynamic Level of a Tank,,,,,,,,,http://discoveryjournals.com/discovery/current_issue/v45/n210/A2.pdf,,2015,2016-09-06 21:03:51,2016-09-06 21:03:51,2016-09-06 21:03:51,,162–168,,45,,,,,210,,,Discovery,,,,,,,Google Scholar,,,,/home/wagner/.mozilla/firefox/owkxzo1u.default/zotero/storage/XMZ7SC5S/Jadhav et al. - 2015 - LabVIEW based Design and Implementation of Analog .pdf,,,,,,,,,,,,,,,,,,,,,,,,,,,,,,,,,,,,,,,,,,,,,,,,,
ZVAPGJI2,bookSection,2015,"Carter, Peter A.",140,Server Core Installation,,,,Pro SQL Server Administration,,,,,http://link.springer.com/chapter/10.1007/978-1-4842-0710-9_3,,2015,2016-09-06 21:03:51,2016-09-06 21:03:51,2016-09-06 21:03:51,65–88,,,,,,,,,,,Springer,,,,,,,Google Scholar,,,,/home/wagner/.mozilla/firefox/owkxzo1u.default/zotero/storage/VXZCC2XK/978-1-4842-0710-9_3.html,,,,,,,,,,,,,,,,,,,,,,,,,,,,,,,,,,,,,,,,,,,,,,,,,
GNH54KPK,conferencePaper,2015,"Kuznetsova, Alexandra; Brockhoff, Per B.; Amorim, Isabel de Sousa; Mielby, L.; Bech, Søren; Ribeiro de Lima, R.",141,SensMixed R package: Easy-to-use application with graphical user interface for analyzing sensory and consumer data within a mixed effects model framework,,,,11th Pangborn Sensory Science Symposium,,,,,http://orbit.dtu.dk/ws/files/117915914/SensMixed_R_package.pdf,,2015,2016-09-06 21:03:51,2016-09-06 21:03:51,2016-09-06 21:03:51,,,,,,,SensMixed R package,,,,,,,,,,,,Google Scholar,,,,/home/wagner/.mozilla/firefox/owkxzo1u.default/zotero/storage/KQWZEK5H/SensMixed_R_package.pdf,,,,,,,,,,,,,,,,,,,,,,,,,,,,,,,,,,,,,,,,,,,,,,,,,
VCZ7UCJT,conferencePaper,2015,"Bien, Ngo Huy; Thu, Tran Dan",142,Graphical User Interface Variability Architecture Pattern,,,,Proceedings of the Sixth International Symposium on Information and Communication Technology,,,,,http://dl.acm.org/citation.cfm?id=2833284,,2015,2016-09-06 21:03:51,2016-09-06 21:03:51,2016-09-06 21:03:51,304–311,,,,,,,,,,,ACM,,,,,,,Google Scholar,,,,/home/wagner/.mozilla/firefox/owkxzo1u.default/zotero/storage/ED5QXDSZ/citation.html,,,,,,,,,,,,,,,,,,,,,,,,,,,,,,,,,,,,,,,,,,,,,,,,,
IJFMGGD3,journalArticle,2015,"Nguyen, Thanh; Nehmetallah, George; Tran, Dat; Darudi, Ahmad; Soltani, Peyman",143,"Fully automated, high speed, tomographic phase object reconstruction using the transport of intensity equation in transmission and reflection configurations",,,,Applied optics,,,,,https://www.osapublishing.org/abstract.cfm?uri=ao-54-35-10443,,2015,2016-09-06 21:03:51,2016-09-06 21:03:51,2016-09-06 21:03:51,10443–10453,,35,54,,,,,,,,,,,,,,,Google Scholar,,,,"/home/wagner/.mozilla/firefox/owkxzo1u.default/zotero/storage/4IVPAB6X/Nguyen et al. - 2015 - Fully automated, high speed, tomographic phase obj.pdf; /home/wagner/.mozilla/firefox/owkxzo1u.default/zotero/storage/CFPE94KT/abstract.html",,,,,,,,,,,,,,,,,,,,,,,,,,,,,,,,,,,,,,,,,,,,,,,,,
FTWUBMZ5,conferencePaper,2015,"Chang, Chung-Liang; Song, Gong-Bo; Huang, Ying-Ming; Miao, Jr-Ming",144,Microclimate Sensing and Environmental Regulation System based on Cloud-computing for Greenhouse,,,,2015 ASABE Annual International Meeting,,,,,http://elibrary.asabe.org/abstract.asp?aid=46317,,2015,2016-09-06 21:03:51,2016-09-06 21:03:51,2016-09-06 21:03:51,1,,,,,,,,,,,American Society of Agricultural and Biological Engineers,,,,,,,Google Scholar,,,,/home/wagner/.mozilla/firefox/owkxzo1u.default/zotero/storage/DF24IADV/abstract.html,,,,,,,,,,,,,,,,,,,,,,,,,,,,,,,,,,,,,,,,,,,,,,,,,
XR47U3EB,thesis,2015,"Smith, C. L.",145,Usability engineering in the design and evaluation of a functional electrical stimulation system for upper limb rehabilitation,,,,,,,,,http://usir.salford.ac.uk/id/eprint/36172,,2015,2016-09-06 21:03:51,2016-09-06 21:03:51,2016-09-06 21:03:51,,,,,,,,,,,,University of Salford,,,,,,,Google Scholar,,,,/home/wagner/.mozilla/firefox/owkxzo1u.default/zotero/storage/UH7VKS5A/36172.html,,,,,,,,,,,,,,,,,,,,,,,,,,,,,,,,,,,,,,,,,,,,,,,,,
